duid,alpha_mc,beta_mc,profit_lmp,profit_lmp_mc,profit_rrp,profit_lmp_90,profit_lmp_mc_90,profit_rrp_90,type,station,fuel_type,schedule_type,region,station_name,lat,lon,dispatch_type,classification,alpha_mc_percentile,beta_mc_percentile,profit_lmp_percentile,profit_lmp_mc_percentile,profit_lmp_90_percentile,profit_lmp_mc_90_percentile
BERYLSF1,0.00753664459842024,0.999938914289663,99672.55835,99457.89513,99692.23835,88685.333594,88470.670374,88703.045594,Gen,Beryl Solar Farm,Solar,Semi-scheduled,NSW,,,,,,3,96,6,40,6,41
BLOWERNG,6.25841550631818,0.971895962617188,129488.21665,127823.748055614,99692.23835,115553.088361,113888.619766614,88703.045594,Gen,Blowering,Hydro,Scheduled,NSW,Blowering Power Station,-35.3986009999999,148.246272,Generator,Scheduled,31,61,32,48,31,48
BOCORWF1,2.22811843919986,1.00580762048702,111835.87309,111461.681821427,99692.23835,99565.457982,99191.2667134267,88703.045594,Gen,Boco Rock Wind Farm,Wind,Semi-scheduled,NSW,Boco Rock Wind Farm,-36.591414216,149.129675116,Generator,Semi-Scheduled,22,100,22,45,22,46
BODWF1,0.0411510465958074,0.998987601386055,101426.26185,99021.8511865757,99692.23835,90469.706318,88065.2956545757,88703.045594,Gen,Bodangora Wind Farm,Wind,Semi-scheduled,NSW,,,,,,5,90,18,38,12,39
BROKENH1,28.3060049300656,0.982983735072575,335115.35524,246120.75868,99692.23835,309651.687895,220657.091335,88703.045594,Gen,Broken Hill Solar Plant,Solar,Semi-scheduled,NSW,Broken Hill Solar Plant,-31.9867074269999,141.391545512,Generator,Semi-Scheduled,56,68,92,90,91,90
BW01,0.272248035262318,0.997476438074288,99529.50742,96913.6532374233,99692.23835,88577.378696,85961.5245134233,88703.045594,Gen,Bayswater,Black Coal,Scheduled,NSW,Bayswater Power Station,-32.39527,150.94913,Generator,Scheduled,6,84,4,36,4,38
BW02,0.272248035262318,0.997476438074288,99529.50742,96913.6532374233,99692.23835,88577.378696,85961.5245134233,88703.045594,Gen,Bayswater,Black Coal,Scheduled,NSW,Bayswater Power Station,-32.39527,150.94913,Generator,Scheduled,7,85,4,37,4,38
BW03,0.266947833211242,0.997658526954081,99471.7155,96927.7813174233,99692.23835,88518.173968,85974.2397854233,88703.045594,Gen,Bayswater,Black Coal,Scheduled,NSW,Bayswater Power Station,-32.39527,150.94913,Generator,Scheduled,6,85,3,37,3,38
BW04,0.266947833211242,0.997658526954081,99471.7155,96927.7813174233,99692.23835,88518.173968,85974.2397854233,88703.045594,Gen,Bayswater,Black Coal,Scheduled,NSW,Bayswater Power Station,-32.39527,150.94913,Generator,Scheduled,6,85,4,37,3,39
CG1,40.3538243845012,0.932647471616195,101963.1766,71823.158195434,99692.23835,90746.890019,60570.3405602824,88703.045594,Gen,Colongra,Gas,Scheduled,NSW,Colongra Power Station,-33.209869,151.544785,Generator,Scheduled,59,46,19,14,12,12
CG2,40.3538243845012,0.932647471616195,101963.1766,71823.158195434,99692.23835,90746.890019,60570.3405602824,88703.045594,Gen,Colongra,Gas,Scheduled,NSW,Colongra Power Station,-33.209869,151.544785,Generator,Scheduled,59,47,19,14,13,12
CG3,40.3538243845012,0.932647471616195,101963.1766,71823.158195434,99692.23835,90746.890019,60570.3405602824,88703.045594,Gen,Colongra,Gas,Scheduled,NSW,Colongra Power Station,-33.209869,151.544785,Generator,Scheduled,59,47,19,15,13,13
CG4,40.3538243845012,0.932647471616195,101963.1766,71823.158195434,99692.23835,90746.890019,60570.3405602824,88703.045594,Gen,Colongra,Gas,Scheduled,NSW,Colongra Power Station,-33.209869,151.544785,Generator,Scheduled,60,47,20,15,13,13
COLEASF1,4.41045661923748,0.990410833426461,260704.60352,182015.52282,99692.23835,241582.742826,162893.662126,88703.045594,Gen,Coleambally Solar Farm,Solar,Semi-scheduled,NSW,,,,,,29,75,70,64,70,64
CROOKWF2,2.2638272102324,1.00534982137178,111802.79709,111417.265821427,99692.23835,99534.591982,99149.0607134268,88703.045594,Gen,Crookwell 2 Wind Farm,Wind,Semi-scheduled,NSW,,,,,,23,99,21,44,21,45
ER01,1.9422600387312,0.990816089728856,100384.77961,90282.593538859,99692.23835,89432.655225,79330.469153859,88703.045594,Gen,Eraring,Black Coal,Scheduled,NSW,Eraring Power Station,-33.061748753,151.522330068,Generator,Scheduled,21,75,10,30,10,30
ER02,1.9422600387312,0.990816089728856,100384.77961,90282.593538859,99692.23835,89432.655225,79330.469153859,88703.045594,Gen,Eraring,Black Coal,Scheduled,NSW,Eraring Power Station,-33.061748753,151.522330068,Generator,Scheduled,21,76,10,30,10,31
ER03,1.93949808431448,0.99099847165285,99798.34594,90279.0946994043,99692.23835,88846.221555,79326.9703144043,88703.045594,Gen,Eraring,Black Coal,Scheduled,NSW,Eraring Power Station,-33.061748753,151.522330068,Generator,Scheduled,20,76,9,29,9,30
ER04,1.93949808431448,0.99099847165285,99798.34594,90279.0946994043,99692.23835,88846.221555,79326.9703144043,88703.045594,Gen,Eraring,Black Coal,Scheduled,NSW,Eraring Power Station,-33.061748753,151.522330068,Generator,Scheduled,21,77,9,29,9,30
FINLYSF1,-3.38459277570096,1.00470155152854,127253.33066,100063.68048,99692.23835,116342.796338,89153.146158,88703.045594,Gen,Finely Solar Farm,Solar,Semi-scheduled,NSW,,,,,,1,98,31,41,31,42
GULLRSF1,2.24705279304351,1.0054340191782,111803.02709,111581.80989,99692.23835,99534.798982,99313.581782,88703.045594,Gen,Gullen Solar Farm,Solar,Semi-scheduled,NSW,,,,,,23,99,21,45,21,47
GULLRWF1,2.2149783320317,1.00531779931757,111823.67109,111435.454586991,99692.23835,99555.442982,99167.2264789911,88703.045594,Gen,Gullen Range Wind Farm,Wind,Semi-scheduled,NSW,Gullen Range Wind Farm,-34.614456,149.459531,Generator,Semi-Scheduled,22,98,22,44,21,46
GUNNING1,3.32725201338495,0.990197599595168,110858.10664,109289.267681427,99692.23835,98804.736446,97235.8974874268,88703.045594,Gen,Gunning Wind Farm,Wind,Semi-scheduled,NSW,Gunning Wind Farm,-34.6958309,149.383175211,Generator,Semi-Scheduled,26,74,20,43,20,44
GUTHEGA,-4.90836175570989,1.00308059773509,128515.55941,106367.492883357,99692.23835,117263.783484,95115.7169573575,88703.045594,Gen,Guthega,Hydro,Scheduled,NSW,Guthega Power Station,-36.350098,148.413528,Generator,Scheduled,1,97,32,42,31,44
HUMENSW,26.1566283719049,0.987281433807375,243761.67915,239260.997026974,99692.23835,218609.516374,214108.834250974,88703.045594,Gen,Hume Hydro,Hydro,Scheduled,NSW,Hume Power Station,-36.106619,147.032622,Generator,Scheduled,51,70,69,90,69,90
HVGTS,54.797561199359,0.914691179682626,99556.05403,64705.8454710272,99692.23835,88603.929645,53638.8119654591,88703.045594,Gen,Hunter Valley GT,Gas,Scheduled,NSW,Hunter Valley Gas Turbine,-32.3892529999999,150.966396,Generator,Scheduled,79,45,5,7,4,6
LD01,0.297122204118704,0.997311794619105,99556.05403,96725.9581917118,99692.23835,88603.929645,85773.8338067119,88703.045594,Gen,Liddell,Black Coal,Scheduled,NSW,Liddell Power Station,-32.3712669999999,150.97757,Generator,Scheduled,7,83,5,35,5,36
LD02,0.297122204118704,0.997311794619105,99556.05403,96725.9581917118,99692.23835,88603.929645,85773.8338067119,88703.045594,Gen,Liddell,Black Coal,Scheduled,NSW,Liddell Power Station,-32.3712669999999,150.97757,Generator,Scheduled,7,83,5,35,5,36
LD03,0.297122204118704,0.997311794619105,99556.05403,96725.9581917118,99692.23835,88603.929645,85773.8338067119,88703.045594,Gen,Liddell,Black Coal,Scheduled,NSW,Liddell Power Station,-32.3712669999999,150.97757,Generator,Scheduled,8,84,6,36,5,36
LD04,0.297122204118704,0.997311794619105,99556.05403,96725.9581917118,99692.23835,88603.929645,85773.8338067119,88703.045594,Gen,Liddell,Black Coal,Scheduled,NSW,Liddell Power Station,-32.3712669999999,150.97757,Generator,Scheduled,8,84,6,36,6,37
LIMOSF21,0.00646616917090488,0.999950642778413,99731.27594,99505.59283,99692.23835,88742.083184,88516.400074,88703.045594,Gen,Limondale Solar Farm 2,Solar,Semi-scheduled,NSW,,,,,,3,97,9,40,8,42
MANSLR1,0.0306142437450661,0.999151135252827,99367.29611,99152.63289,99692.23835,88410.597578,88195.934358,88703.045594,Gen,Manildra Solar Farm,Solar,Semi-scheduled,NSW,,,,,,4,95,1,39,1,40
MM3,0.688447921799704,0.996891902826435,99692.23835,94185.6899222778,99692.23835,88703.045594,83196.4971662779,88703.045594,Gen,Munmorah,Black Coal,Scheduled,NSW,,,,,,12,82,7,33,6,32
MM4,0.688447921799704,0.996891902826435,99692.23835,94185.6899222778,99692.23835,88703.045594,83196.4971662779,88703.045594,Gen,Munmorah,Black Coal,Scheduled,NSW,,,,,,13,82,7,33,7,33
MOREESF1,-0.0922784528642647,0.99093145411875,106028.83523,100481.92962,99692.23835,94973.61616,89426.71055,88703.045594,Gen,Moree Solar Farm,Solar,Semi-scheduled,NSW,Moree Solar Farm,-29.569,149.867,Generator,Semi-Scheduled,2,76,20,41,20,43
MP1,1.59982035017754,0.992887550491579,99376.89409,90928.0214609523,99692.23835,88419.23576,79970.3631309523,88703.045594,Gen,Mt Piper,Black Coal,Scheduled,NSW,Mt Piper Power Station,-33.358892,150.031322,Generator,Scheduled,19,80,2,30,2,31
MP2,1.59982035017754,0.992887550491579,99376.89409,90928.0214609523,99692.23835,88419.23576,79970.3631309523,88703.045594,Gen,Mt Piper,Black Coal,Scheduled,NSW,Mt Piper Power Station,-33.358892,150.031322,Generator,Scheduled,20,80,2,31,2,31
NEVERSF1,0.00876811865599462,0.999944226162913,99692.23835,99477.57513,99692.23835,88703.045594,88488.382374,88703.045594,Gen,NEVERTIRE SOLAR FARM,Solar,Semi-scheduled,NSW,,,,,,3,96,7,40,7,42
NYNGAN1,0.0321883794426986,0.999110979773256,99365.55611,99150.89289,99692.23835,88409.031578,88194.368358,88703.045594,Gen,Nyngan Solar Plant,Solar,Semi-scheduled,NSW,Nyngan Solar Plant,-31.552740361,147.08535195,Generator,Semi-Scheduled,4,94,1,38,1,40
PARSF1,0.0298083395331244,0.999169047999313,99371.39409,99156.73087,99692.23835,88414.28576,88199.62254,88703.045594,Gen,Parkes Solar Farm,Solar,Semi-scheduled,NSW,,,,,,4,95,2,39,1,41
SAPHWF1,50.5056876639897,0.348670090953963,93999.58564,85594.4367303455,99692.23835,84590.537854,76185.3889443455,88703.045594,Gen,Sapphire Wind Farm,Wind,Semi-scheduled,NSW,,,,,,66,23,1,25,1,26
SHGEN,0.0653181795024663,0.999289997407037,99467.07233,98729.060577021,99692.23835,88502.560661,87764.548908021,88703.045594,Gen,Shoalhaven,Pumped Hydro (Release),Scheduled,NSW,Bendeela / Kangaroo Valley Power Station,-34.73369,150.46687,Generator,Scheduled,5,95,3,38,3,39
SHPUMP,0.0536835658082194,1.00009089913369,99941.45835,99203.446597021,99692.23835,88927.343594,88189.331841021,88703.045594,Load,Shoalhaven,Pumped Hydro (Pumping),Scheduled,NSW,Bendeela / Kangaroo Valley Pumps,-34.73369,150.46687,Load Norm Off,Scheduled,5,97,10,39,9,40
SITHE01,17.9746428669179,0.957118430565036,99692.23835,78441.4601797669,99692.23835,88703.045594,67451.6365737912,88703.045594,Gen,Smithfield Energy Facility,Gas,Scheduled,NSW,Smithfield Energy Facility,-23.50972,150.319466,Generator,Scheduled,45,51,8,24,7,22
SNOWYP,-6.89770547079338,1.04716632299339,122031.65104,109538.218825148,99692.23835,110317.5379,97824.1056851477,88703.045594,Load,Tumut 3,Pumped Hydro (Pumping),Scheduled,NSW,,,,,,1,100,30,43,30,45
STWF1,28.2554381891704,0.966002282169051,373683.36136,258766.861197979,99692.23835,346914.81139,231998.311227979,88703.045594,Gen,Silverton Wind Farm,Wind,Semi-scheduled,NSW,,,,,,56,55,100,92,100,92
TALWA1,8.69729943394135,0.974568885636202,99459.02022,83351.3499807422,99692.23835,88494.772551,72387.1023117422,88703.045594,Gen,Tallawarra,Gas,Scheduled,NSW,Tallawarra Power Station,-34.522778,150.808056,Generator,Scheduled,33,61,3,25,2,25
TARALGA1,2.24961213389212,1.00503220017135,112801.00752,111418.825821427,99692.23835,100532.646412,99150.4647134268,88703.045594,Gen,Taralga Wind Farm,Wind,Semi-scheduled,NSW,Taralga Wind Farm,-34.427076,149.85764,Generator,Semi-Scheduled,23,98,22,44,22,45
TUMUT3,11.2419206913486,0.975160569500279,140058.90196,138045.400531318,99692.23835,125026.462451,123012.961022318,88703.045594,Gen,Tumut 3,Pumped Hydro (Release),Scheduled,NSW,Tumut 3 Power Station,-35.611218,148.291685,Generator,Scheduled,36,61,43,49,34,49
UPPTUMUT,11.4944031697195,1.03426324450021,167671.42369,165947.873251318,99692.23835,149810.913011,148087.362572318,88703.045594,Gen,Upper Tumut,Hydro,Scheduled,NSW,"Tumut 1 Power Station, Tumut 2 Power Station",-35.9517289999999,148.36371,Generator,Scheduled,36,100,47,57,47,59
URANQ11,54.2129831113601,0.945082932892201,223673.66974,192274.128372605,99692.23835,200396.035251,168976.213719736,88703.045594,Gen,Uranquinty,Gas,Scheduled,NSW,Uranquinty Power Station,-35.1793949999999,147.215692,Generator,Scheduled,77,48,67,68,67,66
URANQ12,54.2129831113601,0.945082932892201,222624.67974,192274.128372605,99692.23835,199347.045251,168976.213719736,88703.045594,Gen,Uranquinty,Gas,Scheduled,NSW,Uranquinty Power Station,-35.1793949999999,147.215692,Generator,Scheduled,78,48,67,68,67,67
URANQ13,54.2129831113601,0.945082932892201,224731.66979,192274.128372605,99692.23835,201454.035301,168976.213719736,88703.045594,Gen,Uranquinty,Gas,Scheduled,NSW,Uranquinty Power Station,-35.1793949999999,147.215692,Generator,Scheduled,78,48,68,69,68,67
URANQ14,54.2129831113601,0.945082932892201,223673.66974,192274.128372605,99692.23835,200396.035251,168976.213719736,88703.045594,Gen,Uranquinty,Gas,Scheduled,NSW,Uranquinty Power Station,-35.1793949999999,147.215692,Generator,Scheduled,78,49,68,69,68,67
VP5,1.27833277852858,0.992986774115801,100999.46713,91722.3556097439,99692.23835,90047.342745,80770.2312247439,88703.045594,Gen,Vales Point B,Black Coal,Scheduled,NSW,"Vales Point ""B"" Power Station",-33.160745,151.543146,Generator,Scheduled,19,81,17,31,10,32
VP6,1.27833277852858,0.992986774115801,100999.46713,91722.3556097439,99692.23835,90047.342745,80770.2312247439,88703.045594,Gen,Vales Point B,Black Coal,Scheduled,NSW,"Vales Point ""B"" Power Station",-33.160745,151.543146,Generator,Scheduled,19,81,17,31,11,32
WOODLWN1,2.23232513374891,1.00568717612314,112854.79598,111478.675872391,99692.23835,100583.459872,99207.3397643905,88703.045594,Gen,Woodlawn Wind Farm,Wind,Semi-scheduled,NSW,Woodlawn Wind Farm,-35.086059701,149.571605779,Generator,Semi-Scheduled,22,99,23,45,22,46
WRSF1,-0.14077581162617,0.992104277382411,101213.60533,100528.2719,99692.23835,90179.088225,89493.754795,88703.045594,Gen,White Rock Solar Farm,Solar,Semi-scheduled,NSW,,,,,,2,78,18,42,11,43
WRWF1,-0.113714670554816,0.992026309546755,101213.60533,100314.319417454,99692.23835,90179.088225,89279.8023124541,88703.045594,Gen,White Rock Wind Farm,Wind,Semi-scheduled,NSW,,,,,,2,78,18,41,11,43
WW7,0.599832718020676,0.997264837725125,99692.23835,94715.7478987162,99692.23835,88703.045594,83726.5551427162,88703.045594,Gen,Wallerawang,Black Coal,Scheduled,NSW,,,,,,8,82,8,34,8,33
WW8,0.599832718020676,0.997264837725125,99692.23835,94715.7478987162,99692.23835,88703.045594,83726.5551427162,88703.045594,Gen,Wallerawang,Black Coal,Scheduled,NSW,,,,,,9,83,8,34,8,33
BARCALDN,79.5615138705059,0.122398340100057,141555.72905,48506.8595439175,115495.10944,133879.7845,40634.2887739175,105246.192707,Gen,Barcaldine,Gas,Scheduled,QLD,Barcaldine Power Station,-23.5524519999999,145.314186,Generator,Scheduled,94,2,44,2,45,4
BARRON-1,53.7005186135483,0.180224228199294,136770.02681,71406.1789479822,115495.10944,129084.414723,63544.7660109822,105246.192707,Gen,Barron Gorge,Hydro,Scheduled,QLD,Barron Gorge Power Station,-16.850199,145.646495,Generator,Scheduled,74,10,41,14,41,15
BARRON-2,53.7011321667638,0.180224226602025,135748.5518,71391.9593122789,115495.10944,128062.939713,63530.5463752789,105246.192707,Gen,Barron Gorge,Hydro,Scheduled,QLD,Barron Gorge Power Station,-16.850199,145.646495,Generator,Scheduled,74,9,38,12,38,13
BRAEMAR1,98.0266485721131,0.178505846826741,100642.58662,48855.5506966177,115495.10944,91895.393789,40070.4398113477,105246.192707,Gen,Braemar 1,Gas,Scheduled,QLD,Braemar Power Station,-27.1109339999999,150.905337,Generator,Scheduled,95,7,12,3,15,2
BRAEMAR2,98.0266485721131,0.178505846826741,100642.58662,48855.5506966177,115495.10944,91895.393789,40070.4398113477,105246.192707,Gen,Braemar 1,Gas,Scheduled,QLD,Braemar Power Station,-27.1109339999999,150.905337,Generator,Scheduled,95,7,12,3,15,3
BRAEMAR3,98.0266485721131,0.178505846826741,100642.58662,48855.5506966177,115495.10944,91895.393789,40070.4398113477,105246.192707,Gen,Braemar 1,Gas,Scheduled,QLD,Braemar Power Station,-27.1109339999999,150.905337,Generator,Scheduled,95,7,13,3,16,3
BRAEMAR5,98.0266485721131,0.178505846826741,100642.58662,48855.5506966177,115495.10944,91895.393789,40070.4398113477,105246.192707,Gen,Braemar 2,Gas,Scheduled,QLD,Braemar 2 Power Station,-27.112811268,150.904878261,Generator,Scheduled,96,8,13,4,16,3
BRAEMAR6,98.0266485721131,0.178505846826741,100642.58662,48855.5506966177,115495.10944,91895.393789,40070.4398113477,105246.192707,Gen,Braemar 2,Gas,Scheduled,QLD,Braemar 2 Power Station,-27.112811268,150.904878261,Generator,Scheduled,96,8,13,4,16,4
BRAEMAR7,98.0266485721131,0.178505846826741,100642.58662,48855.5506966177,115495.10944,91895.393789,40070.4398113477,105246.192707,Gen,Braemar 2,Gas,Scheduled,QLD,Braemar 2 Power Station,-27.112811268,150.904878261,Generator,Scheduled,96,8,14,4,17,4
CALL_A_2,13.5919091932824,0.852320505489073,115495.10944,86797.6267227122,115495.10944,105246.192707,76548.7099897122,105246.192707,Gen,Callide,Black Coal,Scheduled,QLD,,,,,,40,37,23,27,23,28
CALL_B_1,55.8474445299212,0.181138570770464,132180.71798,67159.1718845007,115495.10944,124426.428897,59225.0139479219,105246.192707,Gen,Callide,Black Coal,Scheduled,QLD,Callide B Power Station,-24.3448799999999,150.619749,Generator,Scheduled,80,11,33,10,33,11
CALL_B_2,55.8474445299212,0.181138570770464,132180.71798,67159.1718845007,115495.10944,124426.428897,59225.0139479219,105246.192707,Gen,Callide,Black Coal,Scheduled,QLD,Callide B Power Station,-24.3448799999999,150.619749,Generator,Scheduled,81,11,33,11,34,11
CHILDSF1,55.2536123464867,0.215621768112573,110995.27752,77238.71063,115495.10944,102627.32782,68870.76093,105246.192707,Gen,Childers Solar Farm,Solar,Semi-scheduled,QLD,,,,,,79,17,21,22,23,23
CLARESF1,53.0516249995127,0.183909671404161,131947.2453,72804.39587,115495.10944,124247.785021,64930.594741,105246.192707,Gen,Clare Solar Farm,Solar,Semi-scheduled,QLD,,,,,,72,15,33,19,33,19
CLERMSF1,49.3630757695887,0.258596789777178,128374.70353,78374.21111,115495.10944,120026.410076,69851.576806,105246.192707,Gen,Clermont Solar Farm,Solar,Semi-scheduled,QLD,,,,,,65,18,31,24,32,24
COLNSV_1,13.6519586832758,0.851970158457876,115495.10944,86684.5953525766,115495.10944,105246.192707,76435.6786195766,105246.192707,Gen,Collinsville,Black Coal,Scheduled,QLD,,,,,,43,34,23,26,23,26
COLNSV_2,13.6519586832758,0.851970158457876,115495.10944,86684.5953525766,115495.10944,105246.192707,76435.6786195766,105246.192707,Gen,Collinsville,Black Coal,Scheduled,QLD,,,,,,43,35,24,26,24,26
COLNSV_3,13.6519586832758,0.851970158457876,115495.10944,86684.5953525766,115495.10944,105246.192707,76435.6786195766,105246.192707,Gen,Collinsville,Black Coal,Scheduled,QLD,,,,,,43,35,24,26,24,27
COLNSV_4,13.6519586832758,0.851970158457876,115495.10944,86684.5953525766,115495.10944,105246.192707,76435.6786195766,105246.192707,Gen,Collinsville,Black Coal,Scheduled,QLD,,,,,,44,35,24,27,24,27
COLNSV_5,13.6519586832758,0.851970158457876,115495.10944,86684.5953525766,115495.10944,105246.192707,76435.6786195766,105246.192707,Gen,Collinsville,Black Coal,Scheduled,QLD,,,,,,44,36,25,27,25,27
COOPGWF1,52.128775020043,0.280643974378285,100619.14445,79713.5589270066,115495.10944,91872.431929,70966.8464060066,105246.192707,Gen,Coopers Gap Wind Farm,Wind,Semi-scheduled,QLD,,,,,,66,21,11,24,14,24
CPP_3,55.8085010110873,0.181272359697346,132180.71798,67236.5936857101,115495.10944,124426.428897,59302.4869491706,105246.192707,Gen,Callide,Black Coal,Scheduled,QLD,Callide Power Plant,-24.3340249999999,150.627973,Generator,Scheduled,80,12,34,11,34,11
CPP_4,55.8085010110873,0.181272359697346,132180.71798,67236.5936857101,115495.10944,124426.428897,59302.4869491706,105246.192707,Gen,Callide,Black Coal,Scheduled,QLD,Callide Power Plant,-24.3340249999999,150.627973,Generator,Scheduled,80,12,34,11,34,12
CPSA,64.3857419234079,0.227309570573092,100638.15662,62795.0875335481,115495.10944,91891.747789,54048.6787025481,105246.192707,Gen,Condamine,Gas,Scheduled,QLD,Condamine Power Station A,-26.6682222119999,150.270014465,Generator,Scheduled,91,18,11,6,14,6
CSPVPS1,52.7094818155072,0.182810457157028,191967.0173,73376.72311,115495.10944,184283.504199,65518.869159,105246.192707,Gen,Collinsville Solar PV,Solar,Semi-scheduled,QLD,,,,,,69,14,48,20,49,20
DAYDSF1,52.9994138022486,0.182256981359269,134063.16256,72685.39237,115495.10944,126377.569473,64825.458433,105246.192707,Gen,Daydream Solar Farm,Solar,Semi-scheduled,QLD,,,,,,72,13,36,17,36,17
DDPS1,66.0361146676632,0.223237281411784,100646.31143,61857.5812565916,115495.10944,91898.468118,53109.7379445916,105246.192707,Gen,Darling Downs,Gas,Scheduled,QLD,Darling Downs Power Station,-27.116891413,150.894217018,Generator,Scheduled,91,18,14,5,17,5
DDSF1,51.9088991130058,0.282603582656222,100646.31143,80105.55265,115495.10944,91898.468118,71357.709338,105246.192707,Gen,Darling Downs Solar Farm,Solar,Semi-scheduled,QLD,,,,,,66,22,14,25,17,25
EMERASF1,52.8540985682543,0.182887493348368,139126.23592,72704.62148,115495.10944,131439.430186,64843.474896,105246.192707,Gen,Emerald Solar Park,Solar,Semi-scheduled,QLD,,,,,,70,15,42,17,44,18
GSTONE1,57.0970900836462,0.165221936839982,138187.28692,64749.1592295106,115495.10944,130514.200388,56895.1563140549,105246.192707,Gen,Gladstone,Black Coal,Scheduled,QLD,Gladstone Power Station,-23.8507529999999,151.218653,Generator,Scheduled,86,4,41,7,42,8
GSTONE2,57.0970900836462,0.165221936839982,138187.28692,64749.1592295106,115495.10944,130514.200388,56895.1563140549,105246.192707,Gen,Gladstone,Black Coal,Scheduled,QLD,Gladstone Power Station,-23.8507529999999,151.218653,Generator,Scheduled,86,4,42,7,43,8
GSTONE3,57.0492947547681,0.154942769933015,152440.22856,62711.0815191892,115495.10944,144977.974321,55067.9108967336,105246.192707,Gen,Gladstone,Black Coal,Scheduled,QLD,Gladstone Power Station,-23.8507529999999,151.218653,Generator,Scheduled,85,3,46,6,46,6
GSTONE4,57.0492947547681,0.154942769933015,152440.22856,62711.0815191892,115495.10944,144977.974321,55067.9108967336,105246.192707,Gen,Gladstone,Black Coal,Scheduled,QLD,Gladstone Power Station,-23.8507529999999,151.218653,Generator,Scheduled,85,3,46,6,46,7
GSTONE5,57.0970900836462,0.165221936839982,138187.28692,64749.1592295106,115495.10944,130514.200388,56895.1563140549,105246.192707,Gen,Gladstone,Black Coal,Scheduled,QLD,Gladstone Power Station,-23.8507529999999,151.218653,Generator,Scheduled,87,4,42,8,43,8
GSTONE6,57.0970827605117,0.165144182971782,139211.83653,64749.1592295106,115495.10944,131538.749998,56895.1563140549,105246.192707,Gen,Gladstone,Black Coal,Scheduled,QLD,Gladstone Power Station,-23.8507529999999,151.218653,Generator,Scheduled,86,3,43,8,44,9
HAMISF1,52.9789029818622,0.182264431695068,134205.549,72653.73748,115495.10944,126519.909913,64793.757543,105246.192707,Gen,Hamilton Solar Farm,Solar,Semi-scheduled,QLD,,,,,,71,14,37,16,37,16
HAUGHT11,52.8147183381979,0.187794986267653,141303.85344,73051.47266,115495.10944,133545.82012,65119.09849,105246.192707,Gen,Haughton Solar Farm Stage 1 Units 1-81,Solar,Semi-scheduled,QLD,,,,,,70,16,43,19,44,19
HAYMSF1,53.000093386357,0.182259571285776,134075.05256,72685.39237,115495.10944,126389.459473,64825.458433,105246.192707,Gen,Hayman Solar Farm,Solar,Semi-scheduled,QLD,,,,,,72,13,36,17,37,17
KAREEYA1,53.7011321667638,0.180224226602025,135748.5518,71391.9593122789,115495.10944,128062.939713,63530.5463752789,105246.192707,Gen,Kareeya,Hydro,Scheduled,QLD,Kareeya Power Station,-17.7670019999999,145.577865,Generator,Scheduled,74,9,38,12,38,14
KAREEYA2,53.7011321667638,0.180224226602025,135748.5518,71391.9593122789,115495.10944,128062.939713,63530.5463752789,105246.192707,Gen,Kareeya,Hydro,Scheduled,QLD,Kareeya Power Station,-17.7670019999999,145.577865,Generator,Scheduled,75,9,38,13,39,14
KAREEYA3,53.7011321667638,0.180224226602025,135748.5518,71391.9593122789,115495.10944,128062.939713,63530.5463752789,105246.192707,Gen,Kareeya,Hydro,Scheduled,QLD,Kareeya Power Station,-17.7670019999999,145.577865,Generator,Scheduled,75,10,39,13,39,14
KAREEYA4,53.7011321667638,0.180224226602025,135748.5518,71391.9593122789,115495.10944,128062.939713,63530.5463752789,105246.192707,Gen,Kareeya,Hydro,Scheduled,QLD,Kareeya Power Station,-17.7670019999999,145.577865,Generator,Scheduled,75,10,39,13,39,15
KPP_1,53.1842721961845,0.26971633818434,98882.39406,74485.4657427795,115495.10944,90416.216058,66019.2877407795,105246.192707,Gen,Kogan Creek,Black Coal,Scheduled,QLD,Kogan Creek Power Station,-26.917683333,150.749283333,Generator,Scheduled,73,21,1,20,12,21
KSP1,53.0847575028687,0.183835436465721,131832.24538,72733.4832,115495.10944,124132.823101,64859.720071,105246.192707,Gen,Kidston Solar Stage 1,Solar,Semi-scheduled,QLD,,,,,,73,15,32,18,33,18
LILYSF1,52.374791532531,0.18082239193815,141913.81656,72732.25715,115495.10944,134228.243418,64872.343158,105246.192707,Gen,Lilyvale Solar Farm,Solar,Semi-scheduled,QLD,,,,,,67,11,44,18,45,18
MACKAYGT,493.005792644247,0.00637228694205474,135747.14541,4931.20898801178,115495.10944,128061.506323,-13571.5054218963,105246.192707,Gen,Mackay,Liquid Fuel,Scheduled,QLD,Mackay Gas Turbine,-21.1445659999999,149.159097,Generator,Scheduled,100,1,37,1,38,1
MEWF1,52.2979099205327,0.181560763956575,176285.51343,72492.8234084488,115495.10944,168728.925377,64661.0818174488,105246.192707,Gen,Mount Emerald Wind Farm,Wind,Semi-scheduled,QLD,,,,,,67,12,47,15,48,15
MPP_1,52.2897239255065,0.286226827628783,100819.89664,77918.9130025271,115495.10944,92042.944197,69141.960559527,105246.192707,Gen,Millmerran,Black Coal,Scheduled,QLD,Millmerran Power Plant,-27.961542,151.278949,Generator,Scheduled,67,22,16,23,19,23
MPP_2,52.2897239255065,0.286226827628783,100819.89664,77918.9130025271,115495.10944,92042.944197,69141.960559527,105246.192707,Gen,Millmerran,Black Coal,Scheduled,QLD,Millmerran Power Plant,-27.961542,151.278949,Generator,Scheduled,67,22,17,23,20,24
MSTUART1,460.775796691037,0.0070565759193569,135749.24724,5157.27139482948,115495.10944,128063.639153,-12193.3344760605,105246.192707,Gen,Mt Stuart,Liquid Fuel,Scheduled,QLD,Mt Stuart Power Station,-19.337998,146.851171,Generator,Scheduled,99,1,39,1,40,1
MSTUART2,460.775796691037,0.0070565759193569,135749.24724,5157.27139482948,115495.10944,128063.639153,-12193.3344760605,105246.192707,Gen,Mt Stuart,Liquid Fuel,Scheduled,QLD,Mt Stuart Power Station,-19.337998,146.851171,Generator,Scheduled,99,1,40,1,40,1
MSTUART3,460.775796691037,0.0070565759193569,135749.24724,5157.27139482948,115495.10944,128063.639153,-12193.3344760605,105246.192707,Gen,Mt Stuart,Liquid Fuel,Scheduled,QLD,Mt Stuart Power Station,-19.337998,146.851171,Generator,Scheduled,99,1,40,1,40,1
OAKEY1,48.9309873927171,0.772602276634729,115504.47885,66425.336597336,115495.10944,105255.562117,56163.2403244482,105246.192707,Gen,Oakey,Gas,Scheduled,QLD,Oakey Power Station,-27.4183619999999,151.679767,Generator,Scheduled,65,31,29,10,29,7
OAKEY1SF,10.1200352496944,0.876423571769871,115495.10944,95060.48277,115495.10944,105246.192707,84811.566037,105246.192707,Gen,Oakey 1 Solar Farm,Solar,Semi-scheduled,QLD,,,,,,34,42,25,34,25,35
OAKEY2,48.9309873927171,0.772602276634729,115504.47885,66425.336597336,115495.10944,105255.562117,56163.2403244482,105246.192707,Gen,Oakey,Gas,Scheduled,QLD,Oakey Power Station,-27.4183619999999,151.679767,Generator,Scheduled,65,31,29,10,29,7
OAKEY2SF,9.8779127307245,0.873172189915296,119120.735,95193.57902,115495.10944,108887.974955,84960.818975,105246.192707,Gen,Oakey 2 Solar Farm,Solar,Semi-scheduled,QLD,,,,,,33,42,30,35,30,35
PUMP1,10.5588654956621,0.872982647252396,115495.10944,94125.8871625638,115495.10944,105246.192707,83876.9704295638,105246.192707,Load,Wivenhoe,Pumped Hydro (Pumping),Scheduled,QLD,Wivenhoe Power Station No. 1 Pump,-27.3722209999999,152.632028,Load Norm Off,Scheduled,35,41,25,32,25,34
PUMP2,10.5588654956621,0.872982647252396,115495.10944,94125.8871625638,115495.10944,105246.192707,83876.9704295638,105246.192707,Load,Wivenhoe,Pumped Hydro (Pumping),Scheduled,QLD,Wivenhoe Power Station No. 2 Pump,-27.3722209999999,152.632028,Load Norm Off,Scheduled,35,41,26,32,26,34
ROMA_7,98.0315094293398,0.178425398416186,100638.15662,48847.7206966177,115495.10944,91891.747789,40063.3928113477,105246.192707,Gen,Roma,Gas,Scheduled,QLD,Roma Gas Turbine Station,-26.577201,148.840199,Generator,Scheduled,97,6,11,2,14,2
ROMA_8,98.0315094293398,0.178425398416186,100638.15662,48847.7206966177,115495.10944,91891.747789,40063.3928113477,105246.192707,Gen,Roma,Gas,Scheduled,QLD,Roma Gas Turbine Station,-26.577201,148.840199,Generator,Scheduled,97,6,12,2,15,2
RRSF1,52.9327629747996,0.182332797106016,134975.28748,72682.36944,115495.10944,127289.713009,64822.454119,105246.192707,Gen,Ross River Solar Farm,Solar,Semi-scheduled,QLD,,,,,,71,14,37,16,37,17
RUGBYR1,53.1921898648816,0.185944259020455,128465.93933,72735.94198,115495.10944,120721.05793,64816.71973,105246.192707,Gen,Rugby Run Solar Farm,Solar,Semi-scheduled,QLD,,,,,,73,16,31,18,32,16
SMCSF1,52.5492720711619,0.184058438864464,144603.13619,72952.87434,115495.10944,136904.025652,65079.422952,105246.192707,Gen,Sun Metals Solar Farm,Solar,Semi-scheduled,QLD,,,,,,68,16,45,19,45,19
SRSF1,55.2330731378971,0.215248852544555,121189.05699,77265.19118,115495.10944,112838.15629,68914.29048,105246.192707,Gen,Susan River Solar Farm,Solar,Semi-scheduled,QLD,,,,,,79,17,30,22,30,23
STAN-1,56.6502933745787,0.172959440024648,133582.47985,65758.6532300882,115495.10944,125882.147571,57877.8853262605,105246.192707,Gen,Stanwell,Black Coal,Scheduled,QLD,Stanwell Power Station,-23.50972,150.319466,Generator,Scheduled,84,5,34,8,35,9
STAN-2,56.6502933745787,0.172959440024648,133582.47985,65758.6532300882,115495.10944,125882.147571,57877.8853262605,105246.192707,Gen,Stanwell,Black Coal,Scheduled,QLD,Stanwell Power Station,-23.50972,150.319466,Generator,Scheduled,84,5,35,9,35,9
STAN-3,56.6502933745787,0.172959440024648,133582.47985,65758.6532300882,115495.10944,125882.147571,57877.8853262605,105246.192707,Gen,Stanwell,Black Coal,Scheduled,QLD,Stanwell Power Station,-23.50972,150.319466,Generator,Scheduled,84,5,35,9,35,10
STAN-4,56.6502933745787,0.172959440024648,133582.47985,65758.6532300882,115495.10944,125882.147571,57877.8853262605,105246.192707,Gen,Stanwell,Black Coal,Scheduled,QLD,Stanwell Power Station,-23.50972,150.319466,Generator,Scheduled,85,6,35,9,36,10
SWAN_B_1,13.6090159730834,0.852175441464953,115495.10944,86827.3348062496,115495.10944,105246.192707,76578.4180732496,105246.192707,Gen,Swanbank,Black Coal,Scheduled,QLD,,,,,,40,36,26,28,26,28
SWAN_B_2,13.6090159730834,0.852175441464953,115495.10944,86827.3348062496,115495.10944,105246.192707,76578.4180732496,105246.192707,Gen,Swanbank,Black Coal,Scheduled,QLD,,,,,,41,36,26,28,26,28
SWAN_B_3,13.6090159730834,0.852175441464953,115495.10944,86827.3348062496,115495.10944,105246.192707,76578.4180732496,105246.192707,Gen,Swanbank,Black Coal,Scheduled,QLD,,,,,,41,37,27,28,27,29
SWAN_B_4,13.6090159730834,0.852175441464953,115495.10944,86827.3348062496,115495.10944,105246.192707,76578.4180732496,105246.192707,Gen,Swanbank,Black Coal,Scheduled,QLD,,,,,,41,37,27,29,27,29
SWAN_E,23.488402699743,0.815723460697129,115495.10944,77354.367085463,115495.10944,105246.192707,67105.450352463,105246.192707,Gen,Swanbank,Gas,Scheduled,QLD,Swanbank E Gas Turbine,-27.6553739999999,152.817938,Generator,Scheduled,49,32,27,23,27,22
TARONG#1,54.1184312776368,0.267644193862893,100662.03143,74546.4202485738,115495.10944,91911.218118,65795.6069365738,105246.192707,Gen,Tarong,Black Coal,Scheduled,QLD,Tarong Power Station,-26.7823579999999,151.915273,Generator,Scheduled,76,19,15,20,18,20
TARONG#2,54.1184312776368,0.267644193862893,100662.03143,74546.4202485738,115495.10944,91911.218118,65795.6069365738,105246.192707,Gen,Tarong,Black Coal,Scheduled,QLD,Tarong Power Station,-26.7823579999999,151.915273,Generator,Scheduled,76,20,15,21,18,20
TARONG#3,54.1184312776368,0.267644193862893,100662.03143,74546.4202485738,115495.10944,91911.218118,65795.6069365738,105246.192707,Gen,Tarong,Black Coal,Scheduled,QLD,Tarong Power Station,-26.7823579999999,151.915273,Generator,Scheduled,77,20,15,21,18,21
TARONG#4,54.1184312776368,0.267644193862893,100662.03143,74546.4202485738,115495.10944,91911.218118,65795.6069365738,105246.192707,Gen,Tarong,Black Coal,Scheduled,QLD,Tarong Power Station,-26.7823579999999,151.915273,Generator,Scheduled,77,20,16,21,19,21
TNPS1,53.904869235453,0.268988980008369,100662.03143,75087.2500127735,115495.10944,91911.218118,66336.4367007735,105246.192707,Gen,Tarong North,Black Coal,Scheduled,QLD,Tarong North Power Station,-26.775763,151.914602,Generator,Scheduled,76,21,16,22,19,22
W/HOE#1,10.561654896109,0.872989519549854,115495.10944,94125.8871625638,115495.10944,105246.192707,83876.9704295638,105246.192707,Gen,Wivenhoe,Pumped Hydro (Release),Scheduled,QLD,Wivenhoe Power Station,-27.395212,152.609153,Generator,Scheduled,35,41,28,32,28,34
W/HOE#2,10.561654896109,0.872989519549854,115495.10944,94125.8871625638,115495.10944,105246.192707,83876.9704295638,105246.192707,Gen,Wivenhoe,Pumped Hydro (Release),Scheduled,QLD,Wivenhoe Power Station,-27.395212,152.609153,Generator,Scheduled,36,42,28,33,28,34
WHITSF1,52.9782197594327,0.18226221332949,133942.989,72653.73748,115495.10944,126257.349913,64793.757543,105246.192707,Gen,Whitsunday Solar Farm,Solar,Semi-scheduled,QLD,,,,,,71,13,36,16,36,16
YABULU,69.6943835164175,0.138493762883863,135749.34126,53128.7448478959,115495.10944,128063.731173,45253.7851767655,105246.192707,Gen,Yabulu,Gas,Scheduled,QLD,Townsville Gas Turbine,-19.2010559999999,146.618707,Generator,Scheduled,93,2,40,5,41,5
YABULU2,69.6943883217031,0.138493551414066,135749.39126,53128.6648478959,115495.10944,128063.789173,45253.7131767655,105246.192707,Gen,Yabulu,Gas,Scheduled,QLD,Townsville Gas Turbine,-19.2010559999999,146.618707,Generator,Scheduled,93,2,41,5,41,5
YARANSF1,10.1150929723689,0.876524800066861,115495.10944,95060.48277,115495.10944,105246.192707,84811.566037,105246.192707,Gen,Yarranlea Solar Farm,Solar,Semi-scheduled,QLD,,,,,,34,43,28,34,28,35
YARWUN_1,42.3762825444959,0.780649934313055,115495.10944,68817.3434308946,115495.10944,105246.192707,58565.7364639382,105246.192707,Gen,Yarwun,Gas,Scheduled,QLD,Yarwun Power Station,-23.830645,151.15193,Generator,Non-Scheduled,60,32,29,12,29,10
AGLHAL,78.4121815461849,0.949852970196875,303528.6643,146866.711806357,303604.65897,283476.883192,126620.953810113,282293.884433,Gen,Hallett,Gas,Scheduled,SA,Hallett Power Station,-33.348652,138.751659,Generator,Scheduled,94,50,78,49,84,49
ANGAST1,454.101492799228,0.928715882920855,312327.06048,119678.443515706,303604.65897,290421.631138,88321.5790367825,282293.884433,Gen,Angaston,Liquid Fuel,Scheduled,SA,Angaston Power Station,-34.50348,139.024537,Generator,Scheduled,98,46,86,47,87,41
BARKIPS1,48.2370320035416,0.966165405378128,303604.65897,169463.740220425,303604.65897,282293.884433,148117.217844744,282293.884433,Gen,Barker Inlet Power Station,Gas,Scheduled,SA,,,,,,64,56,78,59,78,59
BLUFF1,2.94626107714495,0.977406971891596,356929.69062,203110.492715504,303604.65897,335785.160864,181964.150822504,282293.884433,Gen,The Bluff Wind Farm,Wind,Semi-scheduled,SA,The Bluff Wind Farm,-33.3693309999999,138.982476,Generator,Semi-Scheduled,24,66,98,83,98,83
BNGSF1,5.88510553592233,0.977205144762788,322833.09994,204365.46013,303604.65897,301589.475605,183121.835795,282293.884433,Gen,Bungala One Solar Farm,Solar,Semi-scheduled,SA,,,,,,30,63,89,85,90,85
BNGSF2,5.92575611058499,0.977227252396291,320165.73508,204398.09674,303604.65897,298916.312154,183148.673814,282293.884433,Gen,Bungala Two Solar Farm,Solar,Semi-scheduled,SA,,,,,,30,64,88,85,89,85
CLEMGPWF,3.68009180048007,0.977366008543317,349923.84234,203442.974295504,303604.65897,328728.94498,182248.076935504,282293.884433,Gen,Clements Gap Wind Farm,Wind,Semi-scheduled,SA,Clements Gap Wind Farm,-33.508567709,138.119175192,Generator,Semi-Scheduled,27,65,97,84,97,84
DALNTH01,8.58759040423925,0.97690096002905,340997.53582,207877.09298,303604.65897,319420.298305,186299.855465,282293.884433,Gen,Dalrymple North BESS,Battery (Discharge),Scheduled,SA,,,,,,32,63,94,86,94,86
DALNTHL1,18.5412119946781,0.975206957048321,452178.20202,353273.69723,303604.65897,416027.065235,317122.560445,282293.884433,Load,Dalrymple North BESS,Battery (Charge),Scheduled,SA,,,,,,46,62,100,100,100,100
DRYCGT1,67.1533602735117,0.963825004985907,303604.65897,162722.399608248,303604.65897,282293.884433,141288.781677969,282293.884433,Gen,Dry Creek,Gas,Scheduled,SA,Dry Creek Gas Turbine Station,-34.847463,138.581758,Generator,Scheduled,92,51,79,55,79,55
DRYCGT2,67.1533602735117,0.963825004985907,303604.65897,162722.399608248,303604.65897,282293.884433,141288.781677969,282293.884433,Gen,Dry Creek,Gas,Scheduled,SA,Dry Creek Gas Turbine Station,-34.847463,138.581758,Generator,Scheduled,92,52,79,55,79,55
DRYCGT3,67.1533602735117,0.963825004985907,303604.65897,162722.399608248,303604.65897,282293.884433,141288.781677969,282293.884433,Gen,Dry Creek,Gas,Scheduled,SA,Dry Creek Gas Turbine Station,-34.847463,138.581758,Generator,Scheduled,93,52,79,55,79,55
HALLWF1,3.72441855967135,0.964521289024724,345261.13174,190713.145376217,303604.65897,325368.912397,170820.926033217,282293.884433,Gen,Hallett Wind Farm,Wind,Semi-scheduled,SA,Hallett 1 Wind Farm,-33.348652,138.751659,Generator,Semi-Scheduled,27,53,96,67,96,68
HALLWF2,2.3028282057499,0.9772254724966,357263.19298,202271.29224856,303604.65897,336316.04692,181222.065000213,282293.884433,Gen,Hallett Wind Farm,Wind,Semi-scheduled,SA,Hallett 2 Wind Farm,-33.348652,138.751659,Generator,Semi-Scheduled,24,64,98,81,98,81
HDWF1,4.20163164748682,0.964511619986679,343788.72351,190850.369979689,303604.65897,323874.816955,170936.463424689,282293.884433,Gen,Hornsdale Wind Farm,Wind,Semi-scheduled,SA,Hornsdale Wind Farm,-33.042878,138.556285,Generator,Semi-Scheduled,28,53,95,67,95,68
HDWF2,4.20221754704925,0.964511520567052,342788.72356,190850.369979689,303604.65897,322874.817005,170936.463424689,282293.884433,Gen,Hornsdale Wind Farm,Wind,Semi-scheduled,SA,Hornsdale Wind Farm 2,-33.042878,138.556285,Generator,Semi-Scheduled,28,52,94,67,95,68
HDWF3,4.20221754704925,0.964511520567052,342788.72356,190850.369979689,303604.65897,322874.817005,170936.463424689,282293.884433,Gen,Hornsdale Wind Farm,Wind,Semi-scheduled,SA,,,,,,28,53,95,67,95,69
HPRG1,13.101731532132,0.901342142303894,292273.48469,177717.64927,303604.65897,273715.210534,159159.375114,282293.884433,Gen,Hornsdale Power Reserve,Battery (Discharge),Scheduled,SA,,,,,,37,45,74,64,77,64
HPRL1,19.0198439924214,0.97829961047144,345122.51359,247182.199,303604.65897,319573.392135,221633.077545,282293.884433,Load,Hornsdale Power Reserve,Battery (Charge),Scheduled,SA,,,,,,47,67,95,90,94,92
LADBROK1,57.5341394352548,0.89098131890262,335414.49423,175163.473990941,303604.65897,313521.153397,153122.082776239,282293.884433,Gen,Ladbroke Grove,Gas,Scheduled,SA,Ladbroke Grove Power Station,-37.456673,140.782692,Generator,Scheduled,87,44,93,63,93,63
LADBROK2,57.5504422702628,0.889505270875177,330990.23649,170739.212270941,303604.65897,309539.321829,149140.247228239,282293.884433,Gen,Ladbroke Grove,Gas,Scheduled,SA,Ladbroke Grove Power Station,-37.456673,140.782692,Generator,Scheduled,87,44,90,59,91,59
LBBG1,16.3551957715203,0.877196562807093,296841.47528,195442.33057,303604.65897,276468.794728,175069.650018,282293.884433,Gen,Lake Bonney BESS1,Battery (Discharge),Scheduled,SA,,,,,,45,43,76,69,78,71
LBBL1,8.5527461354574,0.978457996042587,306938.74493,208152.37633,303604.65897,285294.561797,186508.193197,282293.884433,Load,Lake Bonney BESS1,Battery (Charge),Scheduled,SA,,,,,,31,67,85,86,84,86
LGAPWF1,3.43485732080367,0.977381200924893,347186.01637,203066.276204375,303604.65897,326027.110334,181907.370168375,282293.884433,Gen,Lincoln Gap Wind Farm,Wind,Semi-scheduled,SA,,,,,,26,66,96,82,96,82
LKBONNY2,10.4859783581499,0.870348265356355,362213.15044,201584.721656515,303604.65897,341457.288185,180631.486670474,282293.884433,Gen,Lake Bonney Stage 2,Wind,Semi-scheduled,SA,Lake Bonney Stage 2 Windfarm,-37.771349882,140.398083927,Generator,Semi-Scheduled,34,40,99,81,99,81
LKBONNY3,10.3433121350847,0.870352548507101,347176.85853,187396.544970951,303604.65897,327840.129867,167862.443576909,282293.884433,Gen,Lake Bonney Stage 3,Wind,Semi-scheduled,SA,Lake Bonney Stage 3 Wind Farm,-37.771349882,140.398083927,Generator,Semi-Scheduled,34,40,96,66,96,66
LONSDALE,453.842417716089,0.927975841822364,303604.65897,116994.488174754,303604.65897,282293.884433,85906.019229926,282293.884433,Gen,Lonsdale,Liquid Fuel,Scheduled,SA,Lonsdale Power Station,-35.1096685539999,138.491006821,Generator,Scheduled,97,45,80,46,80,37
MINTARO,60.0786217682088,0.964719506856445,316518.19137,171073.33221115,303604.65897,294663.590991,149145.514317284,282293.884433,Gen,Mintaro,Gas,Scheduled,SA,Mintaro Gas Turbine Station,-33.9030999999999,138.7383,Generator,Scheduled,88,54,86,61,88,60
NBHWF1,2.94140803820984,0.977441006923844,357996.85956,203174.971232032,303604.65897,336852.329804,182028.629339032,282293.884433,Gen,North Brown Hill Wind Farm,Wind,Semi-scheduled,SA,North Brown Hill Wind Farm,-33.2525759999999,138.712289,Generator,Semi-Scheduled,24,67,99,83,99,83
NPS1,8.64218849470455,0.976444470238161,303604.65897,202843.273776375,303604.65897,282293.884433,181532.499239375,282293.884433,Gen,Northern,Brown Coal,Scheduled,SA,,,,,,32,62,80,82,80,82
NPS2,8.64218849470455,0.976444470238161,303604.65897,202843.273776375,303604.65897,282293.884433,181532.499239375,282293.884433,Gen,Northern,Brown Coal,Scheduled,SA,,,,,,32,63,80,82,80,82
OSB-AG,26.7163338005942,0.971211278926995,312249.92459,187422.234149262,303604.65897,290281.440724,165453.383719834,282293.884433,Gen,Osborne,Gas,Scheduled,SA,Osborne Power Station,-34.798021,138.507884,Generator,Scheduled,54,59,85,66,87,65
PLAYB-AG,8.86625302161995,0.976238213494533,303604.65897,202070.099145559,303604.65897,282293.884433,180759.324608559,282293.884433,Gen,Playford,Brown Coal,Scheduled,SA,,,,,,33,62,81,81,81,81
POR01,468.902166101482,0.885066923053769,323325.67822,123620.855595449,303604.65897,301371.387586,91893.7363943742,282293.884433,Gen,Port Lincoln,Liquid Fuel,Scheduled,SA,Port Lincoln Gas Turbine,-34.70019,135.804728,Generator,Scheduled,100,43,89,47,89,44
POR03,456.499507128032,0.886472861215854,309005.67822,109453.694056987,303604.65897,288483.387586,79143.2910097588,282293.884433,Gen,Port Lincoln,Liquid Fuel,Scheduled,SA,Port Lincoln Gas Turbine,-34.70019,135.804728,Generator,Scheduled,98,44,85,43,85,29
PPCCGT,19.2192897324621,0.971393694329647,306738.75111,184518.202186842,303604.65897,285427.976573,163207.427649842,282293.884433,Gen,Pelican Point,Gas,Scheduled,SA,Pelican Point Power Station,-34.7649719999999,138.505325,Generator,Scheduled,47,60,84,65,85,65
PTSTAN1,453.842417716089,0.927975841822364,303604.65897,116994.488174754,303604.65897,282293.884433,85906.019229926,282293.884433,Gen,Pt Stanvac,Liquid Fuel,Scheduled,SA,Port Stanvac Power Station 1,-35.110395344,138.49145908,Generator,Scheduled,98,46,81,46,81,37
QPS1,46.0199913103571,0.966580737814801,333930.25638,198980.492488631,303604.65897,309793.354342,174815.910174159,282293.884433,Gen,Quarantine,Gas,Scheduled,SA,Quarantine Power Station,-34.779284,138.522352,Generator,Scheduled,62,56,91,78,92,69
QPS2,46.0199913103571,0.966580737814801,333930.25638,198980.492488631,303604.65897,309793.354342,174815.910174159,282293.884433,Gen,Quarantine,Gas,Scheduled,SA,Quarantine Power Station,-34.779284,138.522352,Generator,Scheduled,63,56,91,79,92,70
QPS3,46.0199913103571,0.966580737814801,333930.25638,198980.492488631,303604.65897,309793.354342,174815.910174159,282293.884433,Gen,Quarantine,Gas,Scheduled,SA,Quarantine Power Station,-34.779284,138.522352,Generator,Scheduled,63,57,91,79,92,70
QPS4,46.0199913103571,0.966580737814801,333930.25638,198980.492488631,303604.65897,309793.354342,174815.910174159,282293.884433,Gen,Quarantine,Gas,Scheduled,SA,Quarantine Power Station,-34.779284,138.522352,Generator,Scheduled,63,57,92,79,93,70
QPS5,46.0199913103571,0.966580737814801,333930.25638,198980.492488631,303604.65897,309793.354342,174815.910174159,282293.884433,Gen,Quarantine,Gas,Scheduled,SA,Quarantine Power Station,-34.779284,138.522352,Generator,Scheduled,64,57,92,80,93,71
SNOWNTH1,3.55141496409763,0.977380616268888,349297.3057,203329.483445504,303604.65897,328119.76542,182151.943165504,282293.884433,Gen,Snowtown North Wind Farm,Wind,Semi-scheduled,SA,Snowtown Wind Farm Stage 2 North,-33.830082043,138.118411397,Generator,Semi-Scheduled,26,65,97,84,97,84
SNOWSTH1,3.55141496409763,0.977380616268888,349297.3057,203329.483445504,303604.65897,328119.76542,182151.943165504,282293.884433,Gen,Snowtown South Wind Farm,Wind,Semi-scheduled,SA,Snowtown South Wind Farm,-33.7138669999999,138.140367,Generator,Semi-Scheduled,27,66,97,84,97,84
SNOWTWN1,4.29217581194085,0.977294897089678,370614.17916,204728.385297346,303604.65897,349330.280136,183444.486273346,282293.884433,Gen,Snowtown Wind Farm,Wind,Semi-scheduled,SA,Snowtown Wind Farm Units 1 to 47,-33.7138669999999,138.140367,Generator,Semi-Scheduled,29,65,100,86,100,86
SNUG1,464.367428406668,0.795500481018394,316922.32493,103451.280793911,303604.65897,297143.635037,73741.1190729896,282293.884433,Gen,Snuggery,Liquid Fuel,Scheduled,SA,Snuggery Power Station,-37.664551,140.415558,Generator,Scheduled,100,32,86,42,88,25
TBSF1,6.35794406373517,0.958105447103643,335447.50965,203999.10243,303604.65897,314244.937042,182796.529822,282293.884433,Gen,Tailem Bend Solar Project 1,Solar,Semi-scheduled,SA,,,,,,31,51,93,85,94,85
TORRA1,52.6169869484515,0.965681121885646,303604.65897,167772.779752826,303604.65897,282293.884433,146413.529357109,282293.884433,Gen,Torrens Island,Gas,Scheduled,SA,"Torrens Island Power Station ""A""",-34.806844,138.521322,Generator,Scheduled,68,54,81,57,81,56
TORRA2,52.6169869484515,0.965681121885646,303604.65897,167772.779752826,303604.65897,282293.884433,146413.529357109,282293.884433,Gen,Torrens Island,Gas,Scheduled,SA,"Torrens Island Power Station ""A""",-34.806844,138.521322,Generator,Scheduled,68,54,82,58,82,57
TORRA3,52.6169869484515,0.965681121885646,303604.65897,167772.779752826,303604.65897,282293.884433,146413.529357109,282293.884433,Gen,Torrens Island,Gas,Scheduled,SA,"Torrens Island Power Station ""A""",-34.806844,138.521322,Generator,Scheduled,69,55,82,58,82,57
TORRA4,52.6169869484515,0.965681121885646,303604.65897,167772.779752826,303604.65897,282293.884433,146413.529357109,282293.884433,Gen,Torrens Island,Gas,Scheduled,SA,"Torrens Island Power Station ""A""",-34.806844,138.521322,Generator,Scheduled,69,55,82,58,82,57
TORRB1,44.0084707821764,0.966834662272895,303604.65897,171128.109475398,303604.65897,282293.884433,149792.993237859,282293.884433,Gen,Torrens Island,Gas,Scheduled,SA,"Torrens Island Power Station ""B""",-34.805171,138.52262,Generator,Scheduled,61,58,83,61,83,61
TORRB2,44.0084707821764,0.966834662272895,304623.45736,171128.109475398,303604.65897,283312.682823,149792.993237859,282293.884433,Gen,Torrens Island,Gas,Scheduled,SA,"Torrens Island Power Station ""B""",-34.805171,138.52262,Generator,Scheduled,61,58,84,61,84,61
TORRB3,44.0084707821764,0.966834662272895,303604.65897,171128.109475398,303604.65897,282293.884433,149792.993237859,282293.884433,Gen,Torrens Island,Gas,Scheduled,SA,"Torrens Island Power Station ""B""",-34.805171,138.52262,Generator,Scheduled,62,58,83,62,83,61
TORRB4,44.0084707821764,0.966834662272895,303604.65897,171128.109475398,303604.65897,282293.884433,149792.993237859,282293.884433,Gen,Torrens Island,Gas,Scheduled,SA,"Torrens Island Power Station ""B""",-34.805171,138.52262,Generator,Scheduled,62,59,83,62,83,62
WATERLWF,4.56654519332334,0.977294717549139,360283.88753,208447.193816633,303604.65897,338606.867148,186770.173434633,282293.884433,Gen,Waterloo Wind Farm,Wind,Semi-scheduled,SA,Waterloo Wind Farm,-34.0003576239999,138.915318892,Generator,Semi-Scheduled,30,64,99,87,99,87
WGWF1,3.02951686476657,0.977439036949909,356949.62958,203096.478865504,303604.65897,335805.316824,181950.353972504,282293.884433,Gen,Willogoleche Wind Farm,Wind,Semi-scheduled,SA,,,,,,25,67,98,83,98,83
BASTYAN,13.2425662014814,0.850208002683463,298605.81848,279517.15778085,293943.94213,269609.850252,250521.18955285,264590.034752,Gen,Bastyan,Hydro,Scheduled,TAS,Bastyan Power Station,-41.735983,145.532112,Generator,Scheduled,38,34,77,96,76,96
BBTHREE1,40.318349563483,0.948433422768218,293943.28225,250163.610612271,293943.94213,264588.76586,220749.023401522,264590.034752,Gen,Tamar Valley Peaking,Gas,Scheduled,TAS,Bell Bay Three Power Station,-41.141944,146.9025,Generator,Scheduled,58,49,74,91,74,91
BBTHREE2,40.318349563483,0.948433422768218,293943.28225,250163.610612271,293943.94213,264588.76586,220749.023401522,264590.034752,Gen,Tamar Valley Peaking,Gas,Scheduled,TAS,Bell Bay Three Power Station,-41.141944,146.9025,Generator,Scheduled,58,50,75,91,74,91
BBTHREE3,40.318349563483,0.948433422768218,293943.28225,250163.610612271,293943.94213,264588.76586,220749.023401522,264590.034752,Gen,Tamar Valley Peaking,Gas,Scheduled,TAS,Bell Bay Three Power Station,-41.141944,146.9025,Generator,Scheduled,58,50,75,92,75,91
CETHANA,13.640986138783,0.853019288605069,282361.75079,267552.689785188,293943.94213,254516.411882,239707.350877188,264590.034752,Gen,Cethana,Hydro,Scheduled,TAS,Cethana Power Station,-41.4802369999999,146.134849,Generator,Scheduled,42,38,72,93,72,93
CTHLWF1,1.09161259050813,0.992653307684628,293943.94213,283003.817620856,293943.94213,264590.034752,253649.910242856,264590.034752,Gen,Cattle Hill Wind Farm,Wind,Semi-scheduled,TAS,,,,,,18,79,76,98,75,98
DEVILS_G,18.1369757341032,0.86333839947165,339356.31153,324547.250525188,293943.94213,305811.516548,291002.455543188,264590.034752,Gen,Devils Gate,Hydro,Scheduled,TAS,Devils Gate Power Station,-41.350467,146.263167,Generator,Scheduled,46,40,94,100,90,100
FISHER,13.640986138783,0.853019288605069,282361.75079,267552.689785188,293943.94213,254516.411882,239707.350877188,264590.034752,Gen,Fisher,Hydro,Scheduled,TAS,Fisher Power Station,-41.67324,146.268518,Generator,Scheduled,42,38,73,94,73,94
GORDON,25.2372750319079,0.743031440364404,328658.83797,310902.420922363,293943.94213,296466.196679,278709.044376648,264590.034752,Gen,Gordon,Hydro,Scheduled,TAS,Gordon Power Station,-42.738642,145.981165,Generator,Scheduled,50,27,90,99,88,99
GRANWF1,1.05876948701834,0.992614199257656,293762.61377,282822.295200856,293943.94213,264426.858634,253486.540064856,264590.034752,Gen,Granville Harbour Wind Farm,Wind,Semi-scheduled,TAS,,,,,,18,79,74,97,74,97
JBUTTERS,13.2614972033554,0.850227279514693,300750.39318,279728.263769443,293943.94213,271736.009714,250713.880303443,264590.034752,Gen,John Butters,Hydro,Scheduled,TAS,John Butters Power Station,-42.1548349999999,145.534477,Generator,Scheduled,39,34,78,97,77,97
LEM_WIL,13.640986138783,0.853019288605069,282361.75079,267552.689785188,293943.94213,254516.411882,239707.350877188,264590.034752,Gen,Lemonthyme,Hydro,Scheduled,TAS,Lemonthyme / Wilmot  Power Station,-41.603763,146.139022,Generator,Scheduled,42,38,73,94,73,94
LI_WY_CA,22.8033877640275,0.769890595798186,336011.52818,316405.821839515,293943.94213,303266.132085,283659.6904898,264590.034752,Gen,Liapootah Wayatinah Catagunya Aggregate,Hydro,Scheduled,TAS,Catagunya / Liapootah / Wayatinah Power Station,-42.4523809999999,146.597687,Generator,Scheduled,49,30,93,100,90,100
LK_ECHO,26.2559479208448,0.72307501533137,320098.75239,296429.992006607,293943.94213,289380.71061,265711.214971892,264590.034752,Gen,Lake Echo,Hydro,Scheduled,TAS,Lake Echo Power Station,-42.253702,146.620699,Generator,Scheduled,52,26,88,99,86,99
MACKNTSH,13.136795715292,0.849541312444172,299073.43332,278770.60778085,293943.94213,270152.120092,249849.29455285,264590.034752,Gen,Mackintosh,Hydro,Scheduled,TAS,Mackintosh Power Station,-41.6997499999999,145.646119,Generator,Scheduled,37,33,77,95,77,95
MEADOWBK,26.3219669270959,0.723602599516908,318069.40206,296428.216355212,293943.94213,287341.062499,265699.141539497,264590.034752,Gen,Meadowbank,Hydro,Scheduled,TAS,Meadowbank Power Station,-42.6111989999999,146.845676,Generator,Scheduled,53,27,87,99,85,98
MUSSELR1,18.0641955895399,0.771136325150527,333186.70515,254585.02174553,293943.94213,306825.916509,228224.23310453,264590.034752,Gen,Musselroe Wind Farm,Wind,Semi-scheduled,TAS,Musselroe Wind Farm,-40.7797579959999,148.009759169,Generator,Semi-Scheduled,45,30,90,92,91,92
POAT110,13.8174091423003,0.857033262883918,279033.62665,265120.461738078,293943.94213,251414.416358,237501.251446078,264590.034752,Gen,Poatina,Hydro,Scheduled,TAS,Poatina Power Station,-41.811573,146.919038,Generator,Scheduled,44,39,71,93,71,93
POAT220,13.4246393502875,0.859548868140538,281672.49521,268158.388630927,293943.94213,253749.972491,240235.865911927,264590.034752,Gen,Poatina,Hydro,Scheduled,TAS,Poatina Power Station,-41.811573,146.919038,Generator,Scheduled,39,39,72,94,72,94
REECE1,13.1771605865057,0.849791943365517,304330.13298,279158.68416085,293943.94213,275382.913132,250211.46431285,264590.034752,Gen,Reece,Hydro,Scheduled,TAS,Reece Power Station,-41.7237699999999,145.135948,Generator,Scheduled,38,33,84,96,78,96
REECE2,13.2795917757963,0.850464387742766,299023.47239,279765.178645146,293943.94213,270007.204682,250748.910937146,264590.034752,Gen,Reece,Hydro,Scheduled,TAS,Reece Power Station,-41.7237699999999,145.135948,Generator,Scheduled,39,34,77,97,76,97
TARRALEA,26.251250015319,0.723165360808187,319812.35871,296420.212633758,293943.94213,289094.31693,265701.435599043,264590.034752,Gen,Tarraleah,Hydro,Scheduled,TAS,Tarraleah Power Station,-42.301208,146.457156,Generator,Scheduled,52,26,87,98,86,98
TREVALLN,13.4359595477733,0.859694916055745,280870.98861,268294.841078078,293943.94213,252935.473942,240359.326410078,264590.034752,Gen,Trevallyn,Hydro,Scheduled,TAS,Trevallyn Power Station,-41.423142,147.11283,Generator,Scheduled,40,39,72,95,72,95
TRIBUTE,13.2008379755311,0.849946791961025,298264.55319,279115.85258085,293943.94213,269308.715482,250160.01487285,264590.034752,Gen,Tribute,Hydro,Scheduled,TAS,Tribute Power Station,-41.8118049999999,145.653567,Generator,Scheduled,38,33,76,96,76,96
TUNGATIN,26.251250015319,0.723165360808187,319812.35871,296420.212633758,293943.94213,289094.31693,265701.435599043,264590.034752,Gen,Tungatinah,Hydro,Scheduled,TAS,Tungatinah Power Station,-42.296671,146.456543,Generator,Scheduled,52,26,87,98,86,99
TVCC201,11.7243308824203,0.971309314720085,319879.18698,265908.463045021,293943.94213,290534.723602,236558.233699021,264590.034752,Gen,Tamar Valley,Gas,Scheduled,TAS,Tamar Valley Combined Cycle Power Station,-41.140125,146.903636,Generator,Scheduled,37,60,88,93,87,93
TVPP104,43.7586291448917,0.946916049686846,293943.28225,248929.221846648,293943.94213,264588.76586,219496.119923657,264590.034752,Gen,Tamar Valley Peaking,Gas,Scheduled,TAS,Tamar Valley Peaking  Power Station,-41.140125,146.903636,Generator,Scheduled,60,49,75,91,75,90
AGLSOM,56.491714653181,0.987812588763895,207989.83354,161519.982522309,206924.92925,186706.825261,140136.64745447,185916.339906,Gen,Somerton,Gas,Scheduled,VIC,Somerton Power Station,-37.6318219999999,144.953077,Generator,Scheduled,83,71,55,54,55,54
APS,0.654044448082867,0.999019939243533,206924.92925,197584.914640116,206924.92925,185916.339906,176576.325296116,185916.339906,Gen,Anglesea,Brown Coal,Scheduled,VIC,,,,,,11,92,50,74,50,76
ARWF1,26.302833432416,0.756497490733608,239403.1557,226189.218012353,206924.92925,215667.232405,202453.294717353,185916.339906,Gen,Ararat Wind Farm,Wind,Semi-scheduled,VIC,Ararat Wind Farm,-37.238181,143.052044,Generator,Semi-Scheduled,53,29,69,89,69,89
BALBG1,23.9459261288091,0.756871889777733,208088.53268,197930.60252,206924.92925,187184.068167,177026.138007,185916.339906,Gen,Ballarat Battery Energy Storage System,Battery (Discharge),Scheduled,VIC,,,,,,50,29,56,77,56,79
BALBL1,3.01917937626151,0.999059492367818,192498.72904,185146.61184,206924.92925,172877.569945,165525.452745,185916.339906,Load,Ballarat Battery Energy Storage System,Battery (Charge),Scheduled,VIC,,,,,,25,94,48,65,48,66
BALDHWF1,0.760293369972185,0.998982221209012,207917.11629,199213.590270676,206924.92925,186848.906777,178145.380757676,185916.339906,Gen,Bald Hills Wind Farm,Wind,Semi-scheduled,VIC,Bald Hills Wind Farm,-38.7908,145.9277,Generator,Semi-Scheduled,16,87,55,80,55,80
BANN1,25.6264610996755,0.744301284168411,323333.97649,226379.14014,206924.92925,299799.284574,202844.448224,185916.339906,Gen,Bannerton Solar Park,Solar,Semi-scheduled,VIC,,,,,,51,27,89,89,89,89
BDL01,22.651131301269,0.992790089389363,208292.52818,172095.472377581,206924.92925,187283.938836,151078.842735979,185916.339906,Gen,Bairnsdale,Gas,Scheduled,VIC,Bairnsdale Power Station,-37.842859,147.56393,Generator,Scheduled,48,79,56,62,56,62
BDL02,22.651131301269,0.992790089389363,208292.52818,172095.472377581,206924.92925,187283.938836,151078.842735979,185916.339906,Gen,Bairnsdale,Gas,Scheduled,VIC,Bairnsdale Power Station,-37.842859,147.56393,Generator,Scheduled,48,80,57,63,57,62
CROWLWF1,26.0645486136159,0.756251206552474,245365.95873,225965.621102353,206924.92925,221649.999049,202249.661421353,185916.339906,Gen,Crowlands Wind Farm,Wind,Semi-scheduled,VIC,,,,,,51,28,70,88,70,88
DARTM1,62.5223688838452,0.314086090026923,145474.58821,130085.112961159,206924.92925,131320.992723,115931.517474159,185916.339906,Gen,Dartmouth,Hydro,Scheduled,VIC,Dartmouth Power Station,-36.5564289999999,147.52058,Generator,Scheduled,90,23,45,48,43,48
EILDON1,27.8084313782923,0.711523465735844,179244.55893,165410.179758274,206924.92925,161539.720721,147705.341549274,185916.339906,Gen,Eildon,Hydro,Scheduled,VIC,Eildon Power Station,-37.222005,145.921452,Generator,Scheduled,55,24,47,56,47,58
EILDON2,27.8084313782923,0.711523465735844,179244.55893,165410.179758274,206924.92925,161539.720721,147705.341549274,185916.339906,Gen,Eildon,Hydro,Scheduled,VIC,Eildon Power Station,-37.222005,145.921452,Generator,Scheduled,55,25,48,57,47,58
GANNBG1,52.8567861839083,0.482833718963464,234822.0085,222206.14213,206924.92925,211513.011459,198897.145089,185916.339906,Gen,Gannawarra Energy Storage System,Battery (Discharge),Scheduled,VIC,,,,,,70,24,68,87,68,87
GANNBL1,4.23203283649478,0.990505159858947,208445.03252,192094.04683,206924.92925,188179.587117,171828.601427,185916.339906,Load,Gannawarra Energy Storage System,Battery (Charge),Scheduled,VIC,,,,,,29,75,63,68,65,69
GANNSF1,48.7290296117255,0.482709109429851,266306.52168,224578.77882,206924.92925,243055.441306,201327.698446,185916.339906,Gen,Gannawarra Solar Farm,Solar,Semi-scheduled,VIC,,,,,,64,23,71,88,71,88
HUMEV,37.5181843368006,0.778257213909671,284431.58518,273885.449819734,206924.92925,255835.251431,245289.116070734,185916.339906,Gen,Hume,Hydro,Scheduled,VIC,Hume Power Station,-36.106619,147.032622,Generator,Scheduled,57,31,73,95,73,95
HWPS1,0.712855568477614,0.998985827009524,206924.92925,197314.3702212,206924.92925,185916.339906,176305.7808772,185916.339906,Gen,Hazelwood,Brown Coal,Scheduled,VIC,,,,,,13,88,51,70,51,71
HWPS2,0.712855568477614,0.998985827009524,206924.92925,197314.3702212,206924.92925,185916.339906,176305.7808772,185916.339906,Gen,Hazelwood,Brown Coal,Scheduled,VIC,,,,,,14,88,51,70,51,72
HWPS3,0.712855568477614,0.998985827009524,206924.92925,197314.3702212,206924.92925,185916.339906,176305.7808772,185916.339906,Gen,Hazelwood,Brown Coal,Scheduled,VIC,,,,,,14,88,51,70,51,72
HWPS4,0.712855568477614,0.998985827009524,206924.92925,197314.3702212,206924.92925,185916.339906,176305.7808772,185916.339906,Gen,Hazelwood,Brown Coal,Scheduled,VIC,,,,,,14,89,52,71,52,72
HWPS5,0.712855568477614,0.998985827009524,206924.92925,197314.3702212,206924.92925,185916.339906,176305.7808772,185916.339906,Gen,Hazelwood,Brown Coal,Scheduled,VIC,,,,,,15,89,52,71,52,73
HWPS6,0.712855568477614,0.998985827009524,206924.92925,197314.3702212,206924.92925,185916.339906,176305.7808772,185916.339906,Gen,Hazelwood,Brown Coal,Scheduled,VIC,,,,,,15,89,52,71,52,73
HWPS7,0.712855568477614,0.998985827009524,206924.92925,197314.3702212,206924.92925,185916.339906,176305.7808772,185916.339906,Gen,Hazelwood,Brown Coal,Scheduled,VIC,,,,,,15,90,53,72,53,73
HWPS8,0.712855568477614,0.998985827009524,206924.92925,197314.3702212,206924.92925,185916.339906,176305.7808772,185916.339906,Gen,Hazelwood,Brown Coal,Scheduled,VIC,,,,,,16,90,53,72,53,74
JLA01,62.2480048894077,0.98722339172144,208292.52818,156949.742676152,206924.92925,187283.938836,135790.824103845,185916.339906,Gen,Jeeralang A,Gas,Scheduled,VIC,"Jeeralang ""A"" Power Station",-38.275325,146.426296,Generator,Scheduled,88,68,57,50,57,50
JLA02,62.2480048894077,0.98722339172144,208292.52818,156949.742676152,206924.92925,187283.938836,135790.824103845,185916.339906,Gen,Jeeralang A,Gas,Scheduled,VIC,"Jeeralang ""A"" Power Station",-38.275325,146.426296,Generator,Scheduled,88,68,57,50,57,50
JLA03,62.2480048894077,0.98722339172144,208292.52818,156949.742676152,206924.92925,187283.938836,135790.824103845,185916.339906,Gen,Jeeralang A,Gas,Scheduled,VIC,"Jeeralang ""A"" Power Station",-38.275325,146.426296,Generator,Scheduled,89,69,58,50,58,50
JLA04,62.2480048894077,0.98722339172144,208292.52818,156949.742676152,206924.92925,187283.938836,135790.824103845,185916.339906,Gen,Jeeralang A,Gas,Scheduled,VIC,"Jeeralang ""A"" Power Station",-38.275325,146.426296,Generator,Scheduled,89,69,58,51,58,51
JLB01,62.2480048894077,0.98722339172144,208292.52818,156949.742676152,206924.92925,187283.938836,135790.824103845,185916.339906,Gen,Jeeralang B,Gas,Scheduled,VIC,"Jeeralang ""B"" Power Station",-38.274626,146.424923,Generator,Scheduled,89,69,58,51,58,51
JLB02,62.2480048894077,0.98722339172144,208292.52818,156949.742676152,206924.92925,187283.938836,135790.824103845,185916.339906,Gen,Jeeralang B,Gas,Scheduled,VIC,"Jeeralang ""B"" Power Station",-38.274626,146.424923,Generator,Scheduled,90,70,59,51,59,51
JLB03,62.2480048894077,0.98722339172144,208292.52818,156949.742676152,206924.92925,187283.938836,135790.824103845,185916.339906,Gen,Jeeralang B,Gas,Scheduled,VIC,"Jeeralang ""B"" Power Station",-38.274626,146.424923,Generator,Scheduled,90,70,59,52,59,52
KARSF1,26.3686707693693,0.717856471034363,248603.79328,213800.71924,206924.92925,226490.643213,191687.569173,185916.339906,Gen,Karadoc Solar Farm,Solar,Semi-scheduled,VIC,,,,,,53,25,70,87,70,87
KIATAWF1,22.600369475873,0.752069417178481,239109.6711,224191.326505957,206924.92925,215665.437738,200747.093143957,185916.339906,Gen,Kiata Wind Farm,Wind,Semi-scheduled,VIC,,,,,,48,28,69,88,69,88
LAVNORTH,31.2967152239598,0.991370207032961,206924.92925,168165.903659185,206924.92925,185916.339906,147137.442793448,185916.339906,Gen,Laverton,Gas,Scheduled,VIC,,,,,,56,78,53,59,53,58
LNGS1,31.5501730051048,0.991195314522929,209304.86398,170864.870913922,206924.92925,188021.855701,149566.513322711,185916.339906,Gen,Laverton,Gas,Scheduled,VIC,Laverton North Power Station,-37.84158,144.788711,Generator,Scheduled,57,77,65,60,64,60
LNGS2,31.5501730051048,0.991195314522929,209304.86398,170864.870913922,206924.92925,188021.855701,149566.513322711,185916.339906,Gen,Laverton,Gas,Scheduled,VIC,Laverton North Power Station,-37.84158,144.788711,Generator,Scheduled,57,77,65,60,64,60
LOYYB1,0.610350060688008,0.999033315608951,208292.52818,197564.826357308,206924.92925,187283.938836,176556.237013308,185916.339906,Gen,Loy Yang B,Brown Coal,Scheduled,VIC,Loy Yang B Power Station,-38.256447,146.58637,Generator,Scheduled,10,92,59,74,59,75
LOYYB2,0.610350060688008,0.999033315608951,208292.52818,197564.826357308,206924.92925,187283.938836,176556.237013308,185916.339906,Gen,Loy Yang B,Brown Coal,Scheduled,VIC,Loy Yang B Power Station,-38.256447,146.58637,Generator,Scheduled,11,92,60,74,60,76
LYA1,0.604433714171382,0.999036700440264,208292.52818,197590.358370116,206924.92925,187283.938836,176581.769026116,185916.339906,Gen,Loy Yang A,Brown Coal,Scheduled,VIC,Loy Yang A Power Station,-38.2536,146.574569,Generator,Scheduled,9,93,60,75,60,76
LYA2,0.604433714171382,0.999036700440264,208292.52818,197590.358370116,206924.92925,187283.938836,176581.769026116,185916.339906,Gen,Loy Yang A,Brown Coal,Scheduled,VIC,Loy Yang A Power Station,-38.2536,146.574569,Generator,Scheduled,9,93,60,75,60,77
LYA3,0.604433714171382,0.999036700440264,208292.52818,197590.358370116,206924.92925,187283.938836,176581.769026116,185916.339906,Gen,Loy Yang A,Brown Coal,Scheduled,VIC,Loy Yang A Power Station,-38.2536,146.574569,Generator,Scheduled,10,93,61,75,61,77
LYA4,0.604433714171382,0.999036700440264,208292.52818,197590.358370116,206924.92925,187283.938836,176581.769026116,185916.339906,Gen,Loy Yang A,Brown Coal,Scheduled,VIC,Loy Yang A Power Station,-38.2536,146.574569,Generator,Scheduled,10,94,61,76,61,77
MACARTH1,-3.19579561439264,0.99841909680061,214464.18407,198274.161318332,206924.92925,193584.467538,177394.444786333,185916.339906,Gen,Macarthur Wind Farm,Wind,Semi-scheduled,VIC,Macarthur Wind Farm,-38.0075268429999,142.186510137,Generator,Semi-Scheduled,1,86,66,78,66,80
MCKAY1,43.8170586039092,0.537842153061183,163309.46684,148858.760481159,206924.92925,147262.478095,132811.771736159,185916.339906,Gen,McKay,Hydro,Scheduled,VIC,Bogong / Mckay Power Station,-36.8054609999999,147.228034,Generator,Scheduled,61,24,46,49,46,49
MERCER01,22.2241051800262,0.757493164764526,219220.4711,197954.580606953,206924.92925,198433.869384,177067.709880606,185916.339906,Gen,Mt Mercer Wind Farm,Wind,Semi-scheduled,VIC,Mt Mercer Wind Farm,-37.841111,143.871111,Generator,Semi-Scheduled,47,29,67,77,67,79
MOR1,0.686915289460462,0.999000843123608,206924.92925,197433.525073257,206924.92925,185916.339906,176424.935729257,185916.339906,Gen,Energy Brix,Brown Coal,Scheduled,VIC,,,,,,11,91,54,72,54,74
MOR2,0.686915289460462,0.999000843123608,206924.92925,197433.525073257,206924.92925,185916.339906,176424.935729257,185916.339906,Gen,Energy Brix,Brown Coal,Scheduled,VIC,,,,,,12,91,54,73,54,74
MOR3,0.686915289460462,0.999000843123608,206924.92925,197433.525073257,206924.92925,185916.339906,176424.935729257,185916.339906,Gen,Energy Brix,Brown Coal,Scheduled,VIC,,,,,,12,91,54,73,54,75
MORTLK11,26.8011595737312,0.989001884051621,212576.14651,163516.36875974,206924.92925,192217.21786,143144.011318158,185916.339906,Gen,Mortlake,Gas,Scheduled,VIC,Mortlake Power Station Units,-38.063169322,142.667478911,Generator,Scheduled,54,74,66,56,66,56
MORTLK12,26.8011595737312,0.989001884051621,212576.14651,163516.36875974,206924.92925,192217.21786,143144.011318158,185916.339906,Gen,Mortlake,Gas,Scheduled,VIC,Mortlake Power Station Units,-38.063169322,142.667478911,Generator,Scheduled,55,74,66,56,66,56
MTGELWF1,0.746398119799516,0.999298089213375,208874.49123,199313.764711804,206924.92925,187806.281717,178245.555198804,185916.339906,Gen,Mt Gellibrand Wind Farm,Wind,Semi-scheduled,VIC,,,,,,16,96,64,80,64,80
MURRAY,70.1501677472586,0.222577824685377,132745.88388,119020.8111498,206924.92925,119664.019179,105938.9464488,185916.339906,Gen,Murray,Hydro,Scheduled,VIC,"Murray 1 Power Station, Murray 2 Power Station",-36.2467129999999,148.190095,Generator,Scheduled,94,17,34,46,32,47
MUWAWF1,0.936369622090603,0.969437406209075,208593.28988,181968.489193316,206924.92925,189363.8078,162739.007113316,185916.339906,Gen,Murra Warra Wind Farm,Wind,Semi-scheduled,VIC,,,,,,18,59,64,64,65,64
NPS,18.661681220147,0.993467901664782,208782.32765,177097.407110649,206924.92925,187499.319371,155811.46824472,185916.339906,Gen,Newport,Gas,Scheduled,VIC,Newport Power Station,-37.841462,144.894197,Generator,Scheduled,46,81,64,63,63,63
NUMURSF1,1.8705210842224,0.987743046455931,197069.04962,190092.06897,206924.92925,176943.416586,169966.435936,185916.339906,Gen,Numurkah Solar Farm,Solar,Semi-scheduled,VIC,,,,,,20,71,49,66,49,67
OAKLAND1,26.6338192442766,0.715613364270242,215001.85445,170854.598962432,206924.92925,196856.728993,152709.473505432,185916.339906,Gen,Oaklands Hill Wind Farm,Wind,Semi-scheduled,VIC,Oaklands Hill Wind Farm,-37.663801,142.548056,Generator,Semi-Scheduled,54,25,67,60,67,63
SALTCRK1,23.8097733230906,0.757864041408399,210760.32325,198241.867042933,206924.92925,189810.923999,177292.467791933,185916.339906,Gen,Salt Creek Wind Farm,Wind,Semi-scheduled,VIC,,,,,,49,30,65,78,65,79
VPGS,56.2818408667843,0.987963770888532,206924.92925,158895.212012309,206924.92925,185916.339906,137774.35399547,185916.339906,Gen,Valley Power,Gas,Scheduled,VIC,,,,,,83,73,55,52,55,52
VPGS1,56.281096087421,0.987963478673319,208292.52818,158895.212012309,206924.92925,187283.938836,137774.35399547,185916.339906,Gen,Valley Power,Gas,Scheduled,VIC,Valley Power Peaking Facility,-38.253622,146.589166,Generator,Scheduled,81,71,61,52,61,52
VPGS2,56.281096087421,0.987963478673319,208292.52818,158895.212012309,206924.92925,187283.938836,137774.35399547,185916.339906,Gen,Valley Power,Gas,Scheduled,VIC,Valley Power Peaking Facility,-38.253622,146.589166,Generator,Scheduled,81,72,62,53,62,53
VPGS3,56.281096087421,0.987963478673319,208292.52818,158895.212012309,206924.92925,187283.938836,137774.35399547,185916.339906,Gen,Valley Power,Gas,Scheduled,VIC,Valley Power Peaking Facility,-38.253622,146.589166,Generator,Scheduled,82,72,62,53,62,53
VPGS4,56.281096087421,0.987963478673319,208292.52818,158895.212012309,206924.92925,187283.938836,137774.35399547,185916.339906,Gen,Valley Power,Gas,Scheduled,VIC,Valley Power Peaking Facility,-38.253622,146.589166,Generator,Scheduled,82,72,62,53,62,53
VPGS5,56.281096087421,0.987963478673319,208292.52818,158895.212012309,206924.92925,187283.938836,137774.35399547,185916.339906,Gen,Valley Power,Gas,Scheduled,VIC,Valley Power Peaking Facility,-38.253622,146.589166,Generator,Scheduled,82,73,63,54,63,54
VPGS6,56.281096087421,0.987963478673319,208292.52818,158895.212012309,206924.92925,187283.938836,137774.35399547,185916.339906,Gen,Valley Power,Gas,Scheduled,VIC,Valley Power Peaking Facility,-38.253622,146.589166,Generator,Scheduled,83,73,63,54,63,54
WEMENSF1,25.6149349247755,0.744309573628657,272723.97557,226860.76943,206924.92925,249207.631589,203344.425449,185916.339906,Gen,Wemen Solar Farm,Solar,Semi-scheduled,VIC,,,,,,50,28,71,89,71,89
WKIEWA1,66.5430341054732,0.263766788611651,143471.37675,126716.266451159,206924.92925,129671.638923,112916.528624159,185916.339906,Gen,West Kiewa,Hydro,Scheduled,VIC,West Kiewa Power Station,-41.811573,146.919038,Generator,Scheduled,91,19,44,47,42,47
WKIEWA2,66.5430341054732,0.263766788611651,143471.37675,126716.266451159,206924.92925,129671.638923,112916.528624159,185916.339906,Gen,West Kiewa,Hydro,Scheduled,VIC,West Kiewa Power Station,-36.7600659999999,147.186048,Generator,Scheduled,92,19,45,48,42,48
YENDWF1,2.99658053730175,0.971609298747427,192520.62991,183455.998853732,206924.92925,173043.917478,163979.286421732,185916.339906,Gen,Yendon Wind Farm,Wind,Semi-scheduled,VIC,,,,,,25,60,49,65,48,65
YWPS1,0.700107841250476,0.998981867606736,208162.2973,197534.232338166,206924.92925,187153.707956,176525.642994166,185916.339906,Gen,Yallourn W,Brown Coal,Scheduled,VIC,Yallourn W Power Station,-38.177015,146.342783,Generator,Scheduled,13,87,56,73,56,75
YWPS2,0.871574054838227,0.998911131424858,206852.526,197682.69922892,206924.92925,185817.80489,176647.97811892,185916.339906,Gen,Yallourn W,Brown Coal,Scheduled,VIC,Yallourn W Power Station,-38.177015,146.342783,Generator,Scheduled,17,86,49,76,49,78
YWPS3,0.871574054838227,0.998911131424858,206852.526,197682.69922892,206924.92925,185817.80489,176647.97811892,185916.339906,Gen,Yallourn W,Brown Coal,Scheduled,VIC,Yallourn W Power Station,-38.177015,146.342783,Generator,Scheduled,17,86,50,76,50,78
YWPS4,0.871574054838227,0.998911131424858,206852.526,197682.69922892,206924.92925,185817.80489,176647.97811892,185916.339906,Gen,Yallourn W,Brown Coal,Scheduled,VIC,Yallourn W Power Station,-38.177015,146.342783,Generator,Scheduled,17,87,50,77,50,78
