duid,profit_lmp,profit_lmp_mc,profit_rrp,profit_lmp_90,profit_lmp_mc_90,profit_rrp_90,type,station,fuel_type,schedule_type,region
AGLHAL,303528.6643,146866.711806357,303604.65897,283476.883192,126620.953810113,282293.884433,Gen,Hallett,Gas,Scheduled,SA
AGLSOM,207989.83354,161519.982522309,206924.92925,186706.825261,140136.64745447,185916.339906,Gen,Somerton,Gas,Scheduled,VIC
ANGAST1,312327.06048,119678.443515706,303604.65897,290421.631138,88321.5790367825,282293.884433,Gen,Angaston,Liquid Fuel,Scheduled,SA
APS,206924.92925,197584.914640116,206924.92925,185916.339906,176576.325296116,185916.339906,Gen,Anglesea,Brown Coal,Scheduled,VIC
ARWF1,239403.1557,226189.218012353,206924.92925,215667.232405,202453.294717353,185916.339906,Gen,Ararat Wind Farm,Wind,Semi-scheduled,VIC
BALBG1,208088.53268,197930.60252,206924.92925,187184.068167,177026.138007,185916.339906,Gen,Ballarat Battery Energy Storage System,Battery (Discharge),Scheduled,VIC
BALBL1,192498.72904,185146.61184,206924.92925,172877.569945,165525.452745,185916.339906,Load,Ballarat Battery Energy Storage System,Battery (Charge),Scheduled,VIC
BALDHWF1,207917.11629,199213.590270676,206924.92925,186848.906777,178145.380757676,185916.339906,Gen,Bald Hills Wind Farm,Wind,Semi-scheduled,VIC
BANN1,323333.97649,226379.14014,206924.92925,299799.284574,202844.448224,185916.339906,Gen,Bannerton Solar Park,Solar,Semi-scheduled,VIC
BARCALDN,141555.72905,48506.8595439175,115495.10944,133879.7845,40634.2887739175,105246.192707,Gen,Barcaldine,Gas,Scheduled,QLD
BARKIPS1,303604.65897,169463.740220425,303604.65897,282293.884433,148117.217844744,282293.884433,Gen,Barker Inlet Power Station,Gas,Scheduled,SA
BARRON-1,136770.02681,71406.1789479822,115495.10944,129084.414723,63544.7660109822,105246.192707,Gen,Barron Gorge,Hydro,Scheduled,QLD
BARRON-2,135748.5518,71391.9593122789,115495.10944,128062.939713,63530.5463752789,105246.192707,Gen,Barron Gorge,Hydro,Scheduled,QLD
BASTYAN,298605.81848,279517.15778085,293943.94213,269609.850252,250521.18955285,264590.034752,Gen,Bastyan,Hydro,Scheduled,TAS
BBTHREE1,293943.28225,250163.610612271,293943.94213,264588.76586,220749.023401522,264590.034752,Gen,Tamar Valley Peaking,Gas,Scheduled,TAS
BBTHREE2,293943.28225,250163.610612271,293943.94213,264588.76586,220749.023401522,264590.034752,Gen,Tamar Valley Peaking,Gas,Scheduled,TAS
BBTHREE3,293943.28225,250163.610612271,293943.94213,264588.76586,220749.023401522,264590.034752,Gen,Tamar Valley Peaking,Gas,Scheduled,TAS
BDL01,208292.52818,172095.472377581,206924.92925,187283.938836,151078.842735979,185916.339906,Gen,Bairnsdale,Gas,Scheduled,VIC
BDL02,208292.52818,172095.472377581,206924.92925,187283.938836,151078.842735979,185916.339906,Gen,Bairnsdale,Gas,Scheduled,VIC
BERYLSF1,99672.55835,99457.89513,99692.23835,88685.333594,88470.670374,88703.045594,Gen,Beryl Solar Farm,Solar,Semi-scheduled,NSW
BLOWERNG,129488.21665,127823.748055614,99692.23835,115553.088361,113888.619766614,88703.045594,Gen,Blowering,Hydro,Scheduled,NSW
BLUFF1,356929.69062,203110.492715504,303604.65897,335785.160864,181964.150822504,282293.884433,Gen,The Bluff Wind Farm,Wind,Semi-scheduled,SA
BNGSF1,322833.09994,204365.46013,303604.65897,301589.475605,183121.835795,282293.884433,Gen,Bungala One Solar Farm,Solar,Semi-scheduled,SA
BNGSF2,320165.73508,204398.09674,303604.65897,298916.312154,183148.673814,282293.884433,Gen,Bungala Two Solar Farm,Solar,Semi-scheduled,SA
BOCORWF1,111835.87309,111461.681821427,99692.23835,99565.457982,99191.2667134267,88703.045594,Gen,Boco Rock Wind Farm,Wind,Semi-scheduled,NSW
BODWF1,101426.26185,99021.8511865757,99692.23835,90469.706318,88065.2956545757,88703.045594,Gen,Bodangora Wind Farm,Wind,Semi-scheduled,NSW
BRAEMAR1,100642.58662,48855.5506966177,115495.10944,91895.393789,40070.4398113477,105246.192707,Gen,Braemar 1,Gas,Scheduled,QLD
BRAEMAR2,100642.58662,48855.5506966177,115495.10944,91895.393789,40070.4398113477,105246.192707,Gen,Braemar 1,Gas,Scheduled,QLD
BRAEMAR3,100642.58662,48855.5506966177,115495.10944,91895.393789,40070.4398113477,105246.192707,Gen,Braemar 1,Gas,Scheduled,QLD
BRAEMAR5,100642.58662,48855.5506966177,115495.10944,91895.393789,40070.4398113477,105246.192707,Gen,Braemar 2,Gas,Scheduled,QLD
BRAEMAR6,100642.58662,48855.5506966177,115495.10944,91895.393789,40070.4398113477,105246.192707,Gen,Braemar 2,Gas,Scheduled,QLD
BRAEMAR7,100642.58662,48855.5506966177,115495.10944,91895.393789,40070.4398113477,105246.192707,Gen,Braemar 2,Gas,Scheduled,QLD
BROKENH1,335115.35524,246120.75868,99692.23835,309651.687895,220657.091335,88703.045594,Gen,Broken Hill Solar Plant,Solar,Semi-scheduled,NSW
BW01,99529.50742,96913.6532374233,99692.23835,88577.378696,85961.5245134233,88703.045594,Gen,Bayswater,Black Coal,Scheduled,NSW
BW02,99529.50742,96913.6532374233,99692.23835,88577.378696,85961.5245134233,88703.045594,Gen,Bayswater,Black Coal,Scheduled,NSW
BW03,99471.7155,96927.7813174233,99692.23835,88518.173968,85974.2397854233,88703.045594,Gen,Bayswater,Black Coal,Scheduled,NSW
BW04,99471.7155,96927.7813174233,99692.23835,88518.173968,85974.2397854233,88703.045594,Gen,Bayswater,Black Coal,Scheduled,NSW
CALL_A_2,115495.10944,86797.6267227122,115495.10944,105246.192707,76548.7099897122,105246.192707,Gen,Callide,Black Coal,Scheduled,QLD
CALL_B_1,132180.71798,67159.1718845007,115495.10944,124426.428897,59225.0139479219,105246.192707,Gen,Callide,Black Coal,Scheduled,QLD
CALL_B_2,132180.71798,67159.1718845007,115495.10944,124426.428897,59225.0139479219,105246.192707,Gen,Callide,Black Coal,Scheduled,QLD
CETHANA,282361.75079,267552.689785188,293943.94213,254516.411882,239707.350877188,264590.034752,Gen,Cethana,Hydro,Scheduled,TAS
CG1,101963.1766,71823.158195434,99692.23835,90746.890019,60570.3405602824,88703.045594,Gen,Colongra,Gas,Scheduled,NSW
CG2,101963.1766,71823.158195434,99692.23835,90746.890019,60570.3405602824,88703.045594,Gen,Colongra,Gas,Scheduled,NSW
CG3,101963.1766,71823.158195434,99692.23835,90746.890019,60570.3405602824,88703.045594,Gen,Colongra,Gas,Scheduled,NSW
CG4,101963.1766,71823.158195434,99692.23835,90746.890019,60570.3405602824,88703.045594,Gen,Colongra,Gas,Scheduled,NSW
CHILDSF1,110995.27752,77238.71063,115495.10944,102627.32782,68870.76093,105246.192707,Gen,Childers Solar Farm,Solar,Semi-scheduled,QLD
CLARESF1,131947.2453,72804.39587,115495.10944,124247.785021,64930.594741,105246.192707,Gen,Clare Solar Farm,Solar,Semi-scheduled,QLD
CLEMGPWF,349923.84234,203442.974295504,303604.65897,328728.94498,182248.076935504,282293.884433,Gen,Clements Gap Wind Farm,Wind,Semi-scheduled,SA
CLERMSF1,128374.70353,78374.21111,115495.10944,120026.410076,69851.576806,105246.192707,Gen,Clermont Solar Farm,Solar,Semi-scheduled,QLD
COLEASF1,260704.60352,182015.52282,99692.23835,241582.742826,162893.662126,88703.045594,Gen,Coleambally Solar Farm,Solar,Semi-scheduled,NSW
COLNSV_1,115495.10944,86684.5953525766,115495.10944,105246.192707,76435.6786195766,105246.192707,Gen,Collinsville,Black Coal,Scheduled,QLD
COLNSV_2,115495.10944,86684.5953525766,115495.10944,105246.192707,76435.6786195766,105246.192707,Gen,Collinsville,Black Coal,Scheduled,QLD
COLNSV_3,115495.10944,86684.5953525766,115495.10944,105246.192707,76435.6786195766,105246.192707,Gen,Collinsville,Black Coal,Scheduled,QLD
COLNSV_4,115495.10944,86684.5953525766,115495.10944,105246.192707,76435.6786195766,105246.192707,Gen,Collinsville,Black Coal,Scheduled,QLD
COLNSV_5,115495.10944,86684.5953525766,115495.10944,105246.192707,76435.6786195766,105246.192707,Gen,Collinsville,Black Coal,Scheduled,QLD
COOPGWF1,100619.14445,79713.5589270066,115495.10944,91872.431929,70966.8464060066,105246.192707,Gen,Coopers Gap Wind Farm,Wind,Semi-scheduled,QLD
CPP_3,132180.71798,67236.5936857101,115495.10944,124426.428897,59302.4869491706,105246.192707,Gen,Callide,Black Coal,Scheduled,QLD
CPP_4,132180.71798,67236.5936857101,115495.10944,124426.428897,59302.4869491706,105246.192707,Gen,Callide,Black Coal,Scheduled,QLD
CPSA,100638.15662,62795.0875335481,115495.10944,91891.747789,54048.6787025481,105246.192707,Gen,Condamine,Gas,Scheduled,QLD
CROOKWF2,111802.79709,111417.265821427,99692.23835,99534.591982,99149.0607134268,88703.045594,Gen,Crookwell 2 Wind Farm,Wind,Semi-scheduled,NSW
CROWLWF1,245365.95873,225965.621102353,206924.92925,221649.999049,202249.661421353,185916.339906,Gen,Crowlands Wind Farm,Wind,Semi-scheduled,VIC
CSPVPS1,191967.0173,73376.72311,115495.10944,184283.504199,65518.869159,105246.192707,Gen,Collinsville Solar PV,Solar,Semi-scheduled,QLD
CTHLWF1,293943.94213,283003.817620856,293943.94213,264590.034752,253649.910242856,264590.034752,Gen,Cattle Hill Wind Farm,Wind,Semi-scheduled,TAS
DALNTH01,340997.53582,207877.09298,303604.65897,319420.298305,186299.855465,282293.884433,Gen,Dalrymple North BESS,Battery (Discharge),Scheduled,SA
DALNTHL1,452178.20202,353273.69723,303604.65897,416027.065235,317122.560445,282293.884433,Load,Dalrymple North BESS,Battery (Charge),Scheduled,SA
DARTM1,145474.58821,130085.112961159,206924.92925,131320.992723,115931.517474159,185916.339906,Gen,Dartmouth,Hydro,Scheduled,VIC
DAYDSF1,134063.16256,72685.39237,115495.10944,126377.569473,64825.458433,105246.192707,Gen,Daydream Solar Farm,Solar,Semi-scheduled,QLD
DDPS1,100646.31143,61857.5812565916,115495.10944,91898.468118,53109.7379445916,105246.192707,Gen,Darling Downs,Gas,Scheduled,QLD
DDSF1,100646.31143,80105.55265,115495.10944,91898.468118,71357.709338,105246.192707,Gen,Darling Downs Solar Farm,Solar,Semi-scheduled,QLD
DEVILS_G,339356.31153,324547.250525188,293943.94213,305811.516548,291002.455543188,264590.034752,Gen,Devils Gate,Hydro,Scheduled,TAS
DRYCGT1,303604.65897,162722.399608248,303604.65897,282293.884433,141288.781677969,282293.884433,Gen,Dry Creek,Gas,Scheduled,SA
DRYCGT2,303604.65897,162722.399608248,303604.65897,282293.884433,141288.781677969,282293.884433,Gen,Dry Creek,Gas,Scheduled,SA
DRYCGT3,303604.65897,162722.399608248,303604.65897,282293.884433,141288.781677969,282293.884433,Gen,Dry Creek,Gas,Scheduled,SA
EILDON1,179244.55893,165410.179758274,206924.92925,161539.720721,147705.341549274,185916.339906,Gen,Eildon,Hydro,Scheduled,VIC
EILDON2,179244.55893,165410.179758274,206924.92925,161539.720721,147705.341549274,185916.339906,Gen,Eildon,Hydro,Scheduled,VIC
EMERASF1,139126.23592,72704.62148,115495.10944,131439.430186,64843.474896,105246.192707,Gen,Emerald Solar Park,Solar,Semi-scheduled,QLD
ER01,100384.77961,90282.593538859,99692.23835,89432.655225,79330.469153859,88703.045594,Gen,Eraring,Black Coal,Scheduled,NSW
ER02,100384.77961,90282.593538859,99692.23835,89432.655225,79330.469153859,88703.045594,Gen,Eraring,Black Coal,Scheduled,NSW
ER03,99798.34594,90279.0946994043,99692.23835,88846.221555,79326.9703144043,88703.045594,Gen,Eraring,Black Coal,Scheduled,NSW
ER04,99798.34594,90279.0946994043,99692.23835,88846.221555,79326.9703144043,88703.045594,Gen,Eraring,Black Coal,Scheduled,NSW
FINLYSF1,127253.33066,100063.68048,99692.23835,116342.796338,89153.146158,88703.045594,Gen,Finely Solar Farm,Solar,Semi-scheduled,NSW
FISHER,282361.75079,267552.689785188,293943.94213,254516.411882,239707.350877188,264590.034752,Gen,Fisher,Hydro,Scheduled,TAS
GANNBG1,234822.0085,222206.14213,206924.92925,211513.011459,198897.145089,185916.339906,Gen,Gannawarra Energy Storage System,Battery (Discharge),Scheduled,VIC
GANNBL1,208445.03252,192094.04683,206924.92925,188179.587117,171828.601427,185916.339906,Load,Gannawarra Energy Storage System,Battery (Charge),Scheduled,VIC
GANNSF1,266306.52168,224578.77882,206924.92925,243055.441306,201327.698446,185916.339906,Gen,Gannawarra Solar Farm,Solar,Semi-scheduled,VIC
GORDON,328658.83797,310902.420922363,293943.94213,296466.196679,278709.044376648,264590.034752,Gen,Gordon,Hydro,Scheduled,TAS
GRANWF1,293762.61377,282822.295200856,293943.94213,264426.858634,253486.540064856,264590.034752,Gen,Granville Harbour Wind Farm,Wind,Semi-scheduled,TAS
GSTONE1,138187.28692,64749.1592295106,115495.10944,130514.200388,56895.1563140549,105246.192707,Gen,Gladstone,Black Coal,Scheduled,QLD
GSTONE2,138187.28692,64749.1592295106,115495.10944,130514.200388,56895.1563140549,105246.192707,Gen,Gladstone,Black Coal,Scheduled,QLD
GSTONE3,152440.22856,62711.0815191892,115495.10944,144977.974321,55067.9108967336,105246.192707,Gen,Gladstone,Black Coal,Scheduled,QLD
GSTONE4,152440.22856,62711.0815191892,115495.10944,144977.974321,55067.9108967336,105246.192707,Gen,Gladstone,Black Coal,Scheduled,QLD
GSTONE5,138187.28692,64749.1592295106,115495.10944,130514.200388,56895.1563140549,105246.192707,Gen,Gladstone,Black Coal,Scheduled,QLD
GSTONE6,139211.83653,64749.1592295106,115495.10944,131538.749998,56895.1563140549,105246.192707,Gen,Gladstone,Black Coal,Scheduled,QLD
GULLRSF1,111803.02709,111581.80989,99692.23835,99534.798982,99313.581782,88703.045594,Gen,Gullen Solar Farm,Solar,Semi-scheduled,NSW
GULLRWF1,111823.67109,111435.454586991,99692.23835,99555.442982,99167.2264789911,88703.045594,Gen,Gullen Range Wind Farm,Wind,Semi-scheduled,NSW
GUNNING1,110858.10664,109289.267681427,99692.23835,98804.736446,97235.8974874268,88703.045594,Gen,Gunning Wind Farm,Wind,Semi-scheduled,NSW
GUTHEGA,128515.55941,106367.492883357,99692.23835,117263.783484,95115.7169573575,88703.045594,Gen,Guthega,Hydro,Scheduled,NSW
HALLWF1,345261.13174,190713.145376217,303604.65897,325368.912397,170820.926033217,282293.884433,Gen,Hallett Wind Farm,Wind,Semi-scheduled,SA
HALLWF2,357263.19298,202271.29224856,303604.65897,336316.04692,181222.065000213,282293.884433,Gen,Hallett Wind Farm,Wind,Semi-scheduled,SA
HAMISF1,134205.549,72653.73748,115495.10944,126519.909913,64793.757543,105246.192707,Gen,Hamilton Solar Farm,Solar,Semi-scheduled,QLD
HAUGHT11,141303.85344,73051.47266,115495.10944,133545.82012,65119.09849,105246.192707,Gen,Haughton Solar Farm Stage 1 Units 1-81,Solar,Semi-scheduled,QLD
HAYMSF1,134075.05256,72685.39237,115495.10944,126389.459473,64825.458433,105246.192707,Gen,Hayman Solar Farm,Solar,Semi-scheduled,QLD
HDWF1,343788.72351,190850.369979689,303604.65897,323874.816955,170936.463424689,282293.884433,Gen,Hornsdale Wind Farm,Wind,Semi-scheduled,SA
HDWF2,342788.72356,190850.369979689,303604.65897,322874.817005,170936.463424689,282293.884433,Gen,Hornsdale Wind Farm,Wind,Semi-scheduled,SA
HDWF3,342788.72356,190850.369979689,303604.65897,322874.817005,170936.463424689,282293.884433,Gen,Hornsdale Wind Farm,Wind,Semi-scheduled,SA
HPRG1,292273.48469,177717.64927,303604.65897,273715.210534,159159.375114,282293.884433,Gen,Hornsdale Power Reserve,Battery (Discharge),Scheduled,SA
HPRL1,345122.51359,247182.199,303604.65897,319573.392135,221633.077545,282293.884433,Load,Hornsdale Power Reserve,Battery (Charge),Scheduled,SA
HUMENSW,243761.67915,239260.997026974,99692.23835,218609.516374,214108.834250974,88703.045594,Gen,Hume Hydro,Hydro,Scheduled,NSW
HUMEV,284431.58518,273885.449819734,206924.92925,255835.251431,245289.116070734,185916.339906,Gen,Hume,Hydro,Scheduled,VIC
HVGTS,99556.05403,64705.8454710272,99692.23835,88603.929645,53638.8119654591,88703.045594,Gen,Hunter Valley GT,Gas,Scheduled,NSW
HWPS1,206924.92925,197314.3702212,206924.92925,185916.339906,176305.7808772,185916.339906,Gen,Hazelwood,Brown Coal,Scheduled,VIC
HWPS2,206924.92925,197314.3702212,206924.92925,185916.339906,176305.7808772,185916.339906,Gen,Hazelwood,Brown Coal,Scheduled,VIC
HWPS3,206924.92925,197314.3702212,206924.92925,185916.339906,176305.7808772,185916.339906,Gen,Hazelwood,Brown Coal,Scheduled,VIC
HWPS4,206924.92925,197314.3702212,206924.92925,185916.339906,176305.7808772,185916.339906,Gen,Hazelwood,Brown Coal,Scheduled,VIC
HWPS5,206924.92925,197314.3702212,206924.92925,185916.339906,176305.7808772,185916.339906,Gen,Hazelwood,Brown Coal,Scheduled,VIC
HWPS6,206924.92925,197314.3702212,206924.92925,185916.339906,176305.7808772,185916.339906,Gen,Hazelwood,Brown Coal,Scheduled,VIC
HWPS7,206924.92925,197314.3702212,206924.92925,185916.339906,176305.7808772,185916.339906,Gen,Hazelwood,Brown Coal,Scheduled,VIC
HWPS8,206924.92925,197314.3702212,206924.92925,185916.339906,176305.7808772,185916.339906,Gen,Hazelwood,Brown Coal,Scheduled,VIC
JBUTTERS,300750.39318,279728.263769443,293943.94213,271736.009714,250713.880303443,264590.034752,Gen,John Butters,Hydro,Scheduled,TAS
JLA01,208292.52818,156949.742676152,206924.92925,187283.938836,135790.824103845,185916.339906,Gen,Jeeralang A,Gas,Scheduled,VIC
JLA02,208292.52818,156949.742676152,206924.92925,187283.938836,135790.824103845,185916.339906,Gen,Jeeralang A,Gas,Scheduled,VIC
JLA03,208292.52818,156949.742676152,206924.92925,187283.938836,135790.824103845,185916.339906,Gen,Jeeralang A,Gas,Scheduled,VIC
JLA04,208292.52818,156949.742676152,206924.92925,187283.938836,135790.824103845,185916.339906,Gen,Jeeralang A,Gas,Scheduled,VIC
JLB01,208292.52818,156949.742676152,206924.92925,187283.938836,135790.824103845,185916.339906,Gen,Jeeralang B,Gas,Scheduled,VIC
JLB02,208292.52818,156949.742676152,206924.92925,187283.938836,135790.824103845,185916.339906,Gen,Jeeralang B,Gas,Scheduled,VIC
JLB03,208292.52818,156949.742676152,206924.92925,187283.938836,135790.824103845,185916.339906,Gen,Jeeralang B,Gas,Scheduled,VIC
KAREEYA1,135748.5518,71391.9593122789,115495.10944,128062.939713,63530.5463752789,105246.192707,Gen,Kareeya,Hydro,Scheduled,QLD
KAREEYA2,135748.5518,71391.9593122789,115495.10944,128062.939713,63530.5463752789,105246.192707,Gen,Kareeya,Hydro,Scheduled,QLD
KAREEYA3,135748.5518,71391.9593122789,115495.10944,128062.939713,63530.5463752789,105246.192707,Gen,Kareeya,Hydro,Scheduled,QLD
KAREEYA4,135748.5518,71391.9593122789,115495.10944,128062.939713,63530.5463752789,105246.192707,Gen,Kareeya,Hydro,Scheduled,QLD
KARSF1,248603.79328,213800.71924,206924.92925,226490.643213,191687.569173,185916.339906,Gen,Karadoc Solar Farm,Solar,Semi-scheduled,VIC
KIATAWF1,239109.6711,224191.326505957,206924.92925,215665.437738,200747.093143957,185916.339906,Gen,Kiata Wind Farm,Wind,Semi-scheduled,VIC
KPP_1,98882.39406,74485.4657427795,115495.10944,90416.216058,66019.2877407795,105246.192707,Gen,Kogan Creek,Black Coal,Scheduled,QLD
KSP1,131832.24538,72733.4832,115495.10944,124132.823101,64859.720071,105246.192707,Gen,Kidston Solar Stage 1,Solar,Semi-scheduled,QLD
LADBROK1,335414.49423,175163.473990941,303604.65897,313521.153397,153122.082776239,282293.884433,Gen,Ladbroke Grove,Gas,Scheduled,SA
LADBROK2,330990.23649,170739.212270941,303604.65897,309539.321829,149140.247228239,282293.884433,Gen,Ladbroke Grove,Gas,Scheduled,SA
LAVNORTH,206924.92925,168165.903659185,206924.92925,185916.339906,147137.442793448,185916.339906,Gen,Laverton,Gas,Scheduled,VIC
LBBG1,296841.47528,195442.33057,303604.65897,276468.794728,175069.650018,282293.884433,Gen,Lake Bonney BESS1,Battery (Discharge),Scheduled,SA
LBBL1,306938.74493,208152.37633,303604.65897,285294.561797,186508.193197,282293.884433,Load,Lake Bonney BESS1,Battery (Charge),Scheduled,SA
LD01,99556.05403,96725.9581917118,99692.23835,88603.929645,85773.8338067119,88703.045594,Gen,Liddell,Black Coal,Scheduled,NSW
LD02,99556.05403,96725.9581917118,99692.23835,88603.929645,85773.8338067119,88703.045594,Gen,Liddell,Black Coal,Scheduled,NSW
LD03,99556.05403,96725.9581917118,99692.23835,88603.929645,85773.8338067119,88703.045594,Gen,Liddell,Black Coal,Scheduled,NSW
LD04,99556.05403,96725.9581917118,99692.23835,88603.929645,85773.8338067119,88703.045594,Gen,Liddell,Black Coal,Scheduled,NSW
LEM_WIL,282361.75079,267552.689785188,293943.94213,254516.411882,239707.350877188,264590.034752,Gen,Lemonthyme,Hydro,Scheduled,TAS
LGAPWF1,347186.01637,203066.276204375,303604.65897,326027.110334,181907.370168375,282293.884433,Gen,Lincoln Gap Wind Farm,Wind,Semi-scheduled,SA
LI_WY_CA,336011.52818,316405.821839515,293943.94213,303266.132085,283659.6904898,264590.034752,Gen,Liapootah Wayatinah Catagunya Aggregate,Hydro,Scheduled,TAS
LILYSF1,141913.81656,72732.25715,115495.10944,134228.243418,64872.343158,105246.192707,Gen,Lilyvale Solar Farm,Solar,Semi-scheduled,QLD
LIMOSF21,99731.27594,99505.59283,99692.23835,88742.083184,88516.400074,88703.045594,Gen,Limondale Solar Farm 2,Solar,Semi-scheduled,NSW
LK_ECHO,320098.75239,296429.992006607,293943.94213,289380.71061,265711.214971892,264590.034752,Gen,Lake Echo,Hydro,Scheduled,TAS
LKBONNY2,362213.15044,201584.721656515,303604.65897,341457.288185,180631.486670474,282293.884433,Gen,Lake Bonney Stage 2,Wind,Semi-scheduled,SA
LKBONNY3,347176.85853,187396.544970951,303604.65897,327840.129867,167862.443576909,282293.884433,Gen,Lake Bonney Stage 3,Wind,Semi-scheduled,SA
LNGS1,209304.86398,170864.870913922,206924.92925,188021.855701,149566.513322711,185916.339906,Gen,Laverton,Gas,Scheduled,VIC
LNGS2,209304.86398,170864.870913922,206924.92925,188021.855701,149566.513322711,185916.339906,Gen,Laverton,Gas,Scheduled,VIC
LONSDALE,303604.65897,116994.488174754,303604.65897,282293.884433,85906.019229926,282293.884433,Gen,Lonsdale,Liquid Fuel,Scheduled,SA
LOYYB1,208292.52818,197564.826357308,206924.92925,187283.938836,176556.237013308,185916.339906,Gen,Loy Yang B,Brown Coal,Scheduled,VIC
LOYYB2,208292.52818,197564.826357308,206924.92925,187283.938836,176556.237013308,185916.339906,Gen,Loy Yang B,Brown Coal,Scheduled,VIC
LYA1,208292.52818,197590.358370116,206924.92925,187283.938836,176581.769026116,185916.339906,Gen,Loy Yang A,Brown Coal,Scheduled,VIC
LYA2,208292.52818,197590.358370116,206924.92925,187283.938836,176581.769026116,185916.339906,Gen,Loy Yang A,Brown Coal,Scheduled,VIC
LYA3,208292.52818,197590.358370116,206924.92925,187283.938836,176581.769026116,185916.339906,Gen,Loy Yang A,Brown Coal,Scheduled,VIC
LYA4,208292.52818,197590.358370116,206924.92925,187283.938836,176581.769026116,185916.339906,Gen,Loy Yang A,Brown Coal,Scheduled,VIC
MACARTH1,214464.18407,198274.161318332,206924.92925,193584.467538,177394.444786333,185916.339906,Gen,Macarthur Wind Farm,Wind,Semi-scheduled,VIC
MACKAYGT,135747.14541,4931.20898801178,115495.10944,128061.506323,-13571.5054218963,105246.192707,Gen,Mackay,Liquid Fuel,Scheduled,QLD
MACKNTSH,299073.43332,278770.60778085,293943.94213,270152.120092,249849.29455285,264590.034752,Gen,Mackintosh,Hydro,Scheduled,TAS
MANSLR1,99367.29611,99152.63289,99692.23835,88410.597578,88195.934358,88703.045594,Gen,Manildra Solar Farm,Solar,Semi-scheduled,NSW
MCKAY1,163309.46684,148858.760481159,206924.92925,147262.478095,132811.771736159,185916.339906,Gen,McKay,Hydro,Scheduled,VIC
MEADOWBK,318069.40206,296428.216355212,293943.94213,287341.062499,265699.141539497,264590.034752,Gen,Meadowbank,Hydro,Scheduled,TAS
MERCER01,219220.4711,197954.580606953,206924.92925,198433.869384,177067.709880606,185916.339906,Gen,Mt Mercer Wind Farm,Wind,Semi-scheduled,VIC
MEWF1,176285.51343,72492.8234084488,115495.10944,168728.925377,64661.0818174488,105246.192707,Gen,Mount Emerald Wind Farm,Wind,Semi-scheduled,QLD
MINTARO,316518.19137,171073.33221115,303604.65897,294663.590991,149145.514317284,282293.884433,Gen,Mintaro,Gas,Scheduled,SA
MM3,99692.23835,94185.6899222778,99692.23835,88703.045594,83196.4971662779,88703.045594,Gen,Munmorah,Black Coal,Scheduled,NSW
MM4,99692.23835,94185.6899222778,99692.23835,88703.045594,83196.4971662779,88703.045594,Gen,Munmorah,Black Coal,Scheduled,NSW
MOR1,206924.92925,197433.525073257,206924.92925,185916.339906,176424.935729257,185916.339906,Gen,Energy Brix,Brown Coal,Scheduled,VIC
MOR2,206924.92925,197433.525073257,206924.92925,185916.339906,176424.935729257,185916.339906,Gen,Energy Brix,Brown Coal,Scheduled,VIC
MOR3,206924.92925,197433.525073257,206924.92925,185916.339906,176424.935729257,185916.339906,Gen,Energy Brix,Brown Coal,Scheduled,VIC
MOREESF1,106028.83523,100481.92962,99692.23835,94973.61616,89426.71055,88703.045594,Gen,Moree Solar Farm,Solar,Semi-scheduled,NSW
MORTLK11,212576.14651,163516.36875974,206924.92925,192217.21786,143144.011318158,185916.339906,Gen,Mortlake,Gas,Scheduled,VIC
MORTLK12,212576.14651,163516.36875974,206924.92925,192217.21786,143144.011318158,185916.339906,Gen,Mortlake,Gas,Scheduled,VIC
MP1,99376.89409,90928.0214609523,99692.23835,88419.23576,79970.3631309523,88703.045594,Gen,Mt Piper,Black Coal,Scheduled,NSW
MP2,99376.89409,90928.0214609523,99692.23835,88419.23576,79970.3631309523,88703.045594,Gen,Mt Piper,Black Coal,Scheduled,NSW
MPP_1,100819.89664,77918.9130025271,115495.10944,92042.944197,69141.960559527,105246.192707,Gen,Millmerran,Black Coal,Scheduled,QLD
MPP_2,100819.89664,77918.9130025271,115495.10944,92042.944197,69141.960559527,105246.192707,Gen,Millmerran,Black Coal,Scheduled,QLD
MSTUART1,135749.24724,5157.27139482948,115495.10944,128063.639153,-12193.3344760605,105246.192707,Gen,Mt Stuart,Liquid Fuel,Scheduled,QLD
MSTUART2,135749.24724,5157.27139482948,115495.10944,128063.639153,-12193.3344760605,105246.192707,Gen,Mt Stuart,Liquid Fuel,Scheduled,QLD
MSTUART3,135749.24724,5157.27139482948,115495.10944,128063.639153,-12193.3344760605,105246.192707,Gen,Mt Stuart,Liquid Fuel,Scheduled,QLD
MTGELWF1,208874.49123,199313.764711804,206924.92925,187806.281717,178245.555198804,185916.339906,Gen,Mt Gellibrand Wind Farm,Wind,Semi-scheduled,VIC
MURRAY,132745.88388,119020.8111498,206924.92925,119664.019179,105938.9464488,185916.339906,Gen,Murray,Hydro,Scheduled,VIC
MUSSELR1,333186.70515,254585.02174553,293943.94213,306825.916509,228224.23310453,264590.034752,Gen,Musselroe Wind Farm,Wind,Semi-scheduled,TAS
MUWAWF1,208593.28988,181968.489193316,206924.92925,189363.8078,162739.007113316,185916.339906,Gen,Murra Warra Wind Farm,Wind,Semi-scheduled,VIC
NBHWF1,357996.85956,203174.971232032,303604.65897,336852.329804,182028.629339032,282293.884433,Gen,North Brown Hill Wind Farm,Wind,Semi-scheduled,SA
NEVERSF1,99692.23835,99477.57513,99692.23835,88703.045594,88488.382374,88703.045594,Gen,NEVERTIRE SOLAR FARM,Solar,Semi-scheduled,NSW
NPS,208782.32765,177097.407110649,206924.92925,187499.319371,155811.46824472,185916.339906,Gen,Newport,Gas,Scheduled,VIC
NPS1,303604.65897,202843.273776375,303604.65897,282293.884433,181532.499239375,282293.884433,Gen,Northern,Brown Coal,Scheduled,SA
NPS2,303604.65897,202843.273776375,303604.65897,282293.884433,181532.499239375,282293.884433,Gen,Northern,Brown Coal,Scheduled,SA
NUMURSF1,197069.04962,190092.06897,206924.92925,176943.416586,169966.435936,185916.339906,Gen,Numurkah Solar Farm,Solar,Semi-scheduled,VIC
NYNGAN1,99365.55611,99150.89289,99692.23835,88409.031578,88194.368358,88703.045594,Gen,Nyngan Solar Plant,Solar,Semi-scheduled,NSW
OAKEY1,115504.47885,66425.336597336,115495.10944,105255.562117,56163.2403244482,105246.192707,Gen,Oakey,Gas,Scheduled,QLD
OAKEY1SF,115495.10944,95060.48277,115495.10944,105246.192707,84811.566037,105246.192707,Gen,Oakey 1 Solar Farm,Solar,Semi-scheduled,QLD
OAKEY2,115504.47885,66425.336597336,115495.10944,105255.562117,56163.2403244482,105246.192707,Gen,Oakey,Gas,Scheduled,QLD
OAKEY2SF,119120.735,95193.57902,115495.10944,108887.974955,84960.818975,105246.192707,Gen,Oakey 2 Solar Farm,Solar,Semi-scheduled,QLD
OAKLAND1,215001.85445,170854.598962432,206924.92925,196856.728993,152709.473505432,185916.339906,Gen,Oaklands Hill Wind Farm,Wind,Semi-scheduled,VIC
OSB-AG,312249.92459,187422.234149262,303604.65897,290281.440724,165453.383719834,282293.884433,Gen,Osborne,Gas,Scheduled,SA
PARSF1,99371.39409,99156.73087,99692.23835,88414.28576,88199.62254,88703.045594,Gen,Parkes Solar Farm,Solar,Semi-scheduled,NSW
PLAYB-AG,303604.65897,202070.099145559,303604.65897,282293.884433,180759.324608559,282293.884433,Gen,Playford,Brown Coal,Scheduled,SA
POAT110,279033.62665,265120.461738078,293943.94213,251414.416358,237501.251446078,264590.034752,Gen,Poatina,Hydro,Scheduled,TAS
POAT220,281672.49521,268158.388630927,293943.94213,253749.972491,240235.865911927,264590.034752,Gen,Poatina,Hydro,Scheduled,TAS
POR01,323325.67822,123620.855595449,303604.65897,301371.387586,91893.7363943742,282293.884433,Gen,Port Lincoln,Liquid Fuel,Scheduled,SA
POR03,309005.67822,109453.694056987,303604.65897,288483.387586,79143.2910097588,282293.884433,Gen,Port Lincoln,Liquid Fuel,Scheduled,SA
PPCCGT,306738.75111,184518.202186842,303604.65897,285427.976573,163207.427649842,282293.884433,Gen,Pelican Point,Gas,Scheduled,SA
PTSTAN1,303604.65897,116994.488174754,303604.65897,282293.884433,85906.019229926,282293.884433,Gen,Pt Stanvac,Liquid Fuel,Scheduled,SA
PUMP1,115495.10944,94125.8871625638,115495.10944,105246.192707,83876.9704295638,105246.192707,Load,Wivenhoe,Pumped Hydro (Pumping),Scheduled,QLD
PUMP2,115495.10944,94125.8871625638,115495.10944,105246.192707,83876.9704295638,105246.192707,Load,Wivenhoe,Pumped Hydro (Pumping),Scheduled,QLD
QPS1,333930.25638,198980.492488631,303604.65897,309793.354342,174815.910174159,282293.884433,Gen,Quarantine,Gas,Scheduled,SA
QPS2,333930.25638,198980.492488631,303604.65897,309793.354342,174815.910174159,282293.884433,Gen,Quarantine,Gas,Scheduled,SA
QPS3,333930.25638,198980.492488631,303604.65897,309793.354342,174815.910174159,282293.884433,Gen,Quarantine,Gas,Scheduled,SA
QPS4,333930.25638,198980.492488631,303604.65897,309793.354342,174815.910174159,282293.884433,Gen,Quarantine,Gas,Scheduled,SA
QPS5,333930.25638,198980.492488631,303604.65897,309793.354342,174815.910174159,282293.884433,Gen,Quarantine,Gas,Scheduled,SA
REECE1,304330.13298,279158.68416085,293943.94213,275382.913132,250211.46431285,264590.034752,Gen,Reece,Hydro,Scheduled,TAS
REECE2,299023.47239,279765.178645146,293943.94213,270007.204682,250748.910937146,264590.034752,Gen,Reece,Hydro,Scheduled,TAS
ROMA_7,100638.15662,48847.7206966177,115495.10944,91891.747789,40063.3928113477,105246.192707,Gen,Roma,Gas,Scheduled,QLD
ROMA_8,100638.15662,48847.7206966177,115495.10944,91891.747789,40063.3928113477,105246.192707,Gen,Roma,Gas,Scheduled,QLD
RRSF1,134975.28748,72682.36944,115495.10944,127289.713009,64822.454119,105246.192707,Gen,Ross River Solar Farm,Solar,Semi-scheduled,QLD
RUGBYR1,128465.93933,72735.94198,115495.10944,120721.05793,64816.71973,105246.192707,Gen,Rugby Run Solar Farm,Solar,Semi-scheduled,QLD
SALTCRK1,210760.32325,198241.867042933,206924.92925,189810.923999,177292.467791933,185916.339906,Gen,Salt Creek Wind Farm,Wind,Semi-scheduled,VIC
SAPHWF1,93999.58564,85594.4367303455,99692.23835,84590.537854,76185.3889443455,88703.045594,Gen,Sapphire Wind Farm,Wind,Semi-scheduled,NSW
SHGEN,99467.07233,98729.060577021,99692.23835,88502.560661,87764.548908021,88703.045594,Gen,Shoalhaven,Pumped Hydro (Release),Scheduled,NSW
SHPUMP,99941.45835,99203.446597021,99692.23835,88927.343594,88189.331841021,88703.045594,Load,Shoalhaven,Pumped Hydro (Pumping),Scheduled,NSW
SITHE01,99692.23835,78441.4601797669,99692.23835,88703.045594,67451.6365737912,88703.045594,Gen,Smithfield Energy Facility,Gas,Scheduled,NSW
SMCSF1,144603.13619,72952.87434,115495.10944,136904.025652,65079.422952,105246.192707,Gen,Sun Metals Solar Farm,Solar,Semi-scheduled,QLD
SNOWNTH1,349297.3057,203329.483445504,303604.65897,328119.76542,182151.943165504,282293.884433,Gen,Snowtown North Wind Farm,Wind,Semi-scheduled,SA
SNOWSTH1,349297.3057,203329.483445504,303604.65897,328119.76542,182151.943165504,282293.884433,Gen,Snowtown South Wind Farm,Wind,Semi-scheduled,SA
SNOWTWN1,370614.17916,204728.385297346,303604.65897,349330.280136,183444.486273346,282293.884433,Gen,Snowtown Wind Farm,Wind,Semi-scheduled,SA
SNOWYP,122031.65104,109538.218825148,99692.23835,110317.5379,97824.1056851477,88703.045594,Load,Tumut 3,Pumped Hydro (Pumping),Scheduled,NSW
SNUG1,316922.32493,103451.280793911,303604.65897,297143.635037,73741.1190729896,282293.884433,Gen,Snuggery,Liquid Fuel,Scheduled,SA
SRSF1,121189.05699,77265.19118,115495.10944,112838.15629,68914.29048,105246.192707,Gen,Susan River Solar Farm,Solar,Semi-scheduled,QLD
STAN-1,133582.47985,65758.6532300882,115495.10944,125882.147571,57877.8853262605,105246.192707,Gen,Stanwell,Black Coal,Scheduled,QLD
STAN-2,133582.47985,65758.6532300882,115495.10944,125882.147571,57877.8853262605,105246.192707,Gen,Stanwell,Black Coal,Scheduled,QLD
STAN-3,133582.47985,65758.6532300882,115495.10944,125882.147571,57877.8853262605,105246.192707,Gen,Stanwell,Black Coal,Scheduled,QLD
STAN-4,133582.47985,65758.6532300882,115495.10944,125882.147571,57877.8853262605,105246.192707,Gen,Stanwell,Black Coal,Scheduled,QLD
STWF1,373683.36136,258766.861197979,99692.23835,346914.81139,231998.311227979,88703.045594,Gen,Silverton Wind Farm,Wind,Semi-scheduled,NSW
SWAN_B_1,115495.10944,86827.3348062496,115495.10944,105246.192707,76578.4180732496,105246.192707,Gen,Swanbank,Black Coal,Scheduled,QLD
SWAN_B_2,115495.10944,86827.3348062496,115495.10944,105246.192707,76578.4180732496,105246.192707,Gen,Swanbank,Black Coal,Scheduled,QLD
SWAN_B_3,115495.10944,86827.3348062496,115495.10944,105246.192707,76578.4180732496,105246.192707,Gen,Swanbank,Black Coal,Scheduled,QLD
SWAN_B_4,115495.10944,86827.3348062496,115495.10944,105246.192707,76578.4180732496,105246.192707,Gen,Swanbank,Black Coal,Scheduled,QLD
SWAN_E,115495.10944,77354.367085463,115495.10944,105246.192707,67105.450352463,105246.192707,Gen,Swanbank,Gas,Scheduled,QLD
TALWA1,99459.02022,83351.3499807422,99692.23835,88494.772551,72387.1023117422,88703.045594,Gen,Tallawarra,Gas,Scheduled,NSW
TARALGA1,112801.00752,111418.825821427,99692.23835,100532.646412,99150.4647134268,88703.045594,Gen,Taralga Wind Farm,Wind,Semi-scheduled,NSW
TARONG#1,100662.03143,74546.4202485738,115495.10944,91911.218118,65795.6069365738,105246.192707,Gen,Tarong,Black Coal,Scheduled,QLD
TARONG#2,100662.03143,74546.4202485738,115495.10944,91911.218118,65795.6069365738,105246.192707,Gen,Tarong,Black Coal,Scheduled,QLD
TARONG#3,100662.03143,74546.4202485738,115495.10944,91911.218118,65795.6069365738,105246.192707,Gen,Tarong,Black Coal,Scheduled,QLD
TARONG#4,100662.03143,74546.4202485738,115495.10944,91911.218118,65795.6069365738,105246.192707,Gen,Tarong,Black Coal,Scheduled,QLD
TARRALEA,319812.35871,296420.212633758,293943.94213,289094.31693,265701.435599043,264590.034752,Gen,Tarraleah,Hydro,Scheduled,TAS
TBSF1,335447.50965,203999.10243,303604.65897,314244.937042,182796.529822,282293.884433,Gen,Tailem Bend Solar Project 1,Solar,Semi-scheduled,SA
TNPS1,100662.03143,75087.2500127735,115495.10944,91911.218118,66336.4367007735,105246.192707,Gen,Tarong North,Black Coal,Scheduled,QLD
TORRA1,303604.65897,167772.779752826,303604.65897,282293.884433,146413.529357109,282293.884433,Gen,Torrens Island,Gas,Scheduled,SA
TORRA2,303604.65897,167772.779752826,303604.65897,282293.884433,146413.529357109,282293.884433,Gen,Torrens Island,Gas,Scheduled,SA
TORRA3,303604.65897,167772.779752826,303604.65897,282293.884433,146413.529357109,282293.884433,Gen,Torrens Island,Gas,Scheduled,SA
TORRA4,303604.65897,167772.779752826,303604.65897,282293.884433,146413.529357109,282293.884433,Gen,Torrens Island,Gas,Scheduled,SA
TORRB1,303604.65897,171128.109475398,303604.65897,282293.884433,149792.993237859,282293.884433,Gen,Torrens Island,Gas,Scheduled,SA
TORRB2,304623.45736,171128.109475398,303604.65897,283312.682823,149792.993237859,282293.884433,Gen,Torrens Island,Gas,Scheduled,SA
TORRB3,303604.65897,171128.109475398,303604.65897,282293.884433,149792.993237859,282293.884433,Gen,Torrens Island,Gas,Scheduled,SA
TORRB4,303604.65897,171128.109475398,303604.65897,282293.884433,149792.993237859,282293.884433,Gen,Torrens Island,Gas,Scheduled,SA
TREVALLN,280870.98861,268294.841078078,293943.94213,252935.473942,240359.326410078,264590.034752,Gen,Trevallyn,Hydro,Scheduled,TAS
TRIBUTE,298264.55319,279115.85258085,293943.94213,269308.715482,250160.01487285,264590.034752,Gen,Tribute,Hydro,Scheduled,TAS
TUMUT3,140058.90196,138045.400531318,99692.23835,125026.462451,123012.961022318,88703.045594,Gen,Tumut 3,Pumped Hydro (Release),Scheduled,NSW
TUNGATIN,319812.35871,296420.212633758,293943.94213,289094.31693,265701.435599043,264590.034752,Gen,Tungatinah,Hydro,Scheduled,TAS
TVCC201,319879.18698,265908.463045021,293943.94213,290534.723602,236558.233699021,264590.034752,Gen,Tamar Valley,Gas,Scheduled,TAS
TVPP104,293943.28225,248929.221846648,293943.94213,264588.76586,219496.119923657,264590.034752,Gen,Tamar Valley Peaking,Gas,Scheduled,TAS
UPPTUMUT,167671.42369,165947.873251318,99692.23835,149810.913011,148087.362572318,88703.045594,Gen,Upper Tumut,Hydro,Scheduled,NSW
URANQ11,223673.66974,192274.128372605,99692.23835,200396.035251,168976.213719736,88703.045594,Gen,Uranquinty,Gas,Scheduled,NSW
URANQ12,222624.67974,192274.128372605,99692.23835,199347.045251,168976.213719736,88703.045594,Gen,Uranquinty,Gas,Scheduled,NSW
URANQ13,224731.66979,192274.128372605,99692.23835,201454.035301,168976.213719736,88703.045594,Gen,Uranquinty,Gas,Scheduled,NSW
URANQ14,223673.66974,192274.128372605,99692.23835,200396.035251,168976.213719736,88703.045594,Gen,Uranquinty,Gas,Scheduled,NSW
VP5,100999.46713,91722.3556097439,99692.23835,90047.342745,80770.2312247439,88703.045594,Gen,Vales Point B,Black Coal,Scheduled,NSW
VP6,100999.46713,91722.3556097439,99692.23835,90047.342745,80770.2312247439,88703.045594,Gen,Vales Point B,Black Coal,Scheduled,NSW
VPGS,206924.92925,158895.212012309,206924.92925,185916.339906,137774.35399547,185916.339906,Gen,Valley Power,Gas,Scheduled,VIC
VPGS1,208292.52818,158895.212012309,206924.92925,187283.938836,137774.35399547,185916.339906,Gen,Valley Power,Gas,Scheduled,VIC
VPGS2,208292.52818,158895.212012309,206924.92925,187283.938836,137774.35399547,185916.339906,Gen,Valley Power,Gas,Scheduled,VIC
VPGS3,208292.52818,158895.212012309,206924.92925,187283.938836,137774.35399547,185916.339906,Gen,Valley Power,Gas,Scheduled,VIC
VPGS4,208292.52818,158895.212012309,206924.92925,187283.938836,137774.35399547,185916.339906,Gen,Valley Power,Gas,Scheduled,VIC
VPGS5,208292.52818,158895.212012309,206924.92925,187283.938836,137774.35399547,185916.339906,Gen,Valley Power,Gas,Scheduled,VIC
VPGS6,208292.52818,158895.212012309,206924.92925,187283.938836,137774.35399547,185916.339906,Gen,Valley Power,Gas,Scheduled,VIC
W/HOE#1,115495.10944,94125.8871625638,115495.10944,105246.192707,83876.9704295638,105246.192707,Gen,Wivenhoe,Pumped Hydro (Release),Scheduled,QLD
W/HOE#2,115495.10944,94125.8871625638,115495.10944,105246.192707,83876.9704295638,105246.192707,Gen,Wivenhoe,Pumped Hydro (Release),Scheduled,QLD
WATERLWF,360283.88753,208447.193816633,303604.65897,338606.867148,186770.173434633,282293.884433,Gen,Waterloo Wind Farm,Wind,Semi-scheduled,SA
WEMENSF1,272723.97557,226860.76943,206924.92925,249207.631589,203344.425449,185916.339906,Gen,Wemen Solar Farm,Solar,Semi-scheduled,VIC
WGWF1,356949.62958,203096.478865504,303604.65897,335805.316824,181950.353972504,282293.884433,Gen,Willogoleche Wind Farm,Wind,Semi-scheduled,SA
WHITSF1,133942.989,72653.73748,115495.10944,126257.349913,64793.757543,105246.192707,Gen,Whitsunday Solar Farm,Solar,Semi-scheduled,QLD
WKIEWA1,143471.37675,126716.266451159,206924.92925,129671.638923,112916.528624159,185916.339906,Gen,West Kiewa,Hydro,Scheduled,VIC
WKIEWA2,143471.37675,126716.266451159,206924.92925,129671.638923,112916.528624159,185916.339906,Gen,West Kiewa,Hydro,Scheduled,VIC
WOODLWN1,112854.79598,111478.675872391,99692.23835,100583.459872,99207.3397643905,88703.045594,Gen,Woodlawn Wind Farm,Wind,Semi-scheduled,NSW
WRSF1,101213.60533,100528.2719,99692.23835,90179.088225,89493.754795,88703.045594,Gen,White Rock Solar Farm,Solar,Semi-scheduled,NSW
WRWF1,101213.60533,100314.319417454,99692.23835,90179.088225,89279.8023124541,88703.045594,Gen,White Rock Wind Farm,Wind,Semi-scheduled,NSW
WW7,99692.23835,94715.7478987162,99692.23835,88703.045594,83726.5551427162,88703.045594,Gen,Wallerawang,Black Coal,Scheduled,NSW
WW8,99692.23835,94715.7478987162,99692.23835,88703.045594,83726.5551427162,88703.045594,Gen,Wallerawang,Black Coal,Scheduled,NSW
YABULU,135749.34126,53128.7448478959,115495.10944,128063.731173,45253.7851767655,105246.192707,Gen,Yabulu,Gas,Scheduled,QLD
YABULU2,135749.39126,53128.6648478959,115495.10944,128063.789173,45253.7131767655,105246.192707,Gen,Yabulu,Gas,Scheduled,QLD
YARANSF1,115495.10944,95060.48277,115495.10944,105246.192707,84811.566037,105246.192707,Gen,Yarranlea Solar Farm,Solar,Semi-scheduled,QLD
YARWUN_1,115495.10944,68817.3434308946,115495.10944,105246.192707,58565.7364639382,105246.192707,Gen,Yarwun,Gas,Scheduled,QLD
YENDWF1,192520.62991,183455.998853732,206924.92925,173043.917478,163979.286421732,185916.339906,Gen,Yendon Wind Farm,Wind,Semi-scheduled,VIC
YWPS1,208162.2973,197534.232338166,206924.92925,187153.707956,176525.642994166,185916.339906,Gen,Yallourn W,Brown Coal,Scheduled,VIC
YWPS2,206852.526,197682.69922892,206924.92925,185817.80489,176647.97811892,185916.339906,Gen,Yallourn W,Brown Coal,Scheduled,VIC
YWPS3,206852.526,197682.69922892,206924.92925,185817.80489,176647.97811892,185916.339906,Gen,Yallourn W,Brown Coal,Scheduled,VIC
YWPS4,206852.526,197682.69922892,206924.92925,185817.80489,176647.97811892,185916.339906,Gen,Yallourn W,Brown Coal,Scheduled,VIC
